<?xml version="1.0" encoding="UTF-8"?>
<mule xmlns:doc="http://www.mulesoft.org/schema/mule/documentation" xmlns="http://www.mulesoft.org/schema/mule/core" xmlns:apikit="http://www.mulesoft.org/schema/mule/apikit" xmlns:http="http://www.mulesoft.org/schema/mule/http" xmlns:spring="http://www.springframework.org/schema/beans" xmlns:xsi="http://www.w3.org/2001/XMLSchema-instance" xsi:schemaLocation="http://www.mulesoft.org/schema/mule/core http://www.mulesoft.org/schema/mule/core/current/mule.xsd
http://www.mulesoft.org/schema/mule/http http://www.mulesoft.org/schema/mule/http/current/mule-http.xsd
http://www.mulesoft.org/schema/mule/apikit http://www.mulesoft.org/schema/mule/apikit/current/mule-apikit.xsd
http://www.springframework.org/schema/beans http://www.springframework.org/schema/beans/spring-beans-3.1.xsd">
    <http:listener-config name="sys-oa-security-httpListenerConfig" host="${sys.oa.host}" port="${sys.oa.port}" doc:name="HTTP Listener Configuration"/>
    <apikit:config name="sys-oa-security-config" raml="sys-oa-security.raml" consoleEnabled="false" doc:name="Router"/>
    <flow name="sys-oa-security-main">
        <http:listener config-ref="sys-oa-security-httpListenerConfig" path="/api/1.0/*" doc:name="HTTP"/>
        <apikit:router config-ref="sys-oa-security-config" doc:name="APIkit Router"/>
        <exception-strategy ref="sys-oa-security-apiKitGlobalExceptionMapping" doc:name="Reference Exception Strategy"/>
    </flow>
    <flow name="sys-oa-security-console">
        <http:listener config-ref="sys-oa-security-httpListenerConfig" path="/console/*" doc:name="HTTP"/>
        <apikit:console config-ref="sys-oa-security-config" doc:name="APIkit Console"/>
    </flow>
    <flow name="post:/security/PINStatus:sys-oa-security-config">
        <set-payload value="{
	&quot;pinAvailable&quot;: true,
	&quot;pinExpired&quot;: false,
	&quot;pinLocked&quot;: false
}" doc:name="Set Payload"/>
    </flow>
    <flow name="post:/security/validatePIN:sys-oa-security-config">
        <set-payload value="{
  &quot;pin&quot;: 1234
}" doc:name="Set Payload"/>
    </flow>
</mule>
