{
	"$schema": "http://json-schema.org/draft-04/schema#",
	"title": "FX Request Schema",
	"type": "object",
	"properties": {
		"request-headers": {
			"type": "object",
			"properties": {	
				"authorization": {"type": "string", "minLength": 0, "maxLength": 90},
		        "content-type": {"type": "string", "minLength": 16, "maxLength": 16},
		        "gateway-company-id": {"type": "string", "minLength": 10, "maxLength": 10},
		        "gateway-entity-id": {"type": "string", "minLength": 22, "maxLength": 22},
		        "client-request-id": {"type": "string", "minLength": 1, "maxLength": 36}
			},
			"required": ["authorization", "content-type", "gateway-company-id", 
				"gateway-entity-id", "client-request-id"]
		},
		"query-params": {
			"type": "object",
			"properties": {	
				"buy_or_sell": {"enum": ["Buy", "Sell"]},
				"base_currency_code": {"type": "string", "minLength": 3, "maxLength": 3},
				"base_currency_amount": {"type": "number", "minimum": 0},
				"contra_currency_code": {"type": "string", "minLength": 3, "maxLength": 3},
				"contra_currency_amount": {"type": "number", "minimum": 0},
				"receiving_method": {"type": "string", "minLength": 1, "maxLength": 80},
				"dummy_array": {  "type": "array",
  								 "items": {"type": "string"}
							  },
				"dummy_multiple": {"type": "number", "multipleOf": 5}
			},
			"required": ["buy_or_sell", "base_currency_code", "contra_currency_code"],
			"additionalProperties": false
		}
	}
}