{
	"$schema": "http://json-schema.org/draft-04/schema#",
	"title": "FX Response Schema",
	"type": "array",
	"properties": {
		"buy_or_sell": {
			"enum": ["Buy", "Sell"]
		},
		"base_currency_code": {
			"type": "string", 
			"minLength": 3,
			"maxLength": 3
		},
		"base_currency_amount": {
			"type": "number"
		},
		"contra_currency_code": {
			"type": "string", 
			"minLength": 3, 
			"maxLength": 3
		},
		"contra_currency_amount": {
			"type": "number"
		},
		"receiving_method": {
			"type": "string", 
			"minLength": 1, 
			"maxLength": 80
		},
		"exchange_rate": {
			"type": "number"
		},
		"exchange_rate_precision": {
			"type": "number"
		},
		"exchange_rate_conversion_rule": {
			"enum": ["Direct", "Indirect"]
		}
	},
	"required": [ "buy_or_sell", "base_currency_code", "contra_currency_code", 
		"exchange_rate", "exchange_rate_precision", "exchange_rate_conversion_rule"]
}