{
  "$schema": "http://json-schema.org/draft-04/schema#",
  "type": "object",
  "properties": {
    "errorInfo": {
      "type": "object",
      "properties": {
        "transactionId": {
          "type": "string"
        },
        "returnCode": {
          "type": "string"
        },
        "returnReason": {
          "type": "string"
        }
        
      },
      "required": [
        "transactionId",
        "returnCode",
        "returnReason"
      ]
    }
  },
  "required": [
    "errorInfo"
  ]
}
