<?xml version="1.0" encoding="UTF-8"?>

<mule xmlns:http="http://www.mulesoft.org/schema/mule/http"
	xmlns:apikit="http://www.mulesoft.org/schema/mule/apikit" xmlns="http://www.mulesoft.org/schema/mule/core"
	xmlns:doc="http://www.mulesoft.org/schema/mule/documentation"
	xmlns:spring="http://www.springframework.org/schema/beans" xmlns:xsi="http://www.w3.org/2001/XMLSchema-instance"
	xsi:schemaLocation="http://www.springframework.org/schema/beans http://www.springframework.org/schema/beans/spring-beans-current.xsd
http://www.mulesoft.org/schema/mule/core http://www.mulesoft.org/schema/mule/core/current/mule.xsd
http://www.mulesoft.org/schema/mule/http http://www.mulesoft.org/schema/mule/http/current/mule-http.xsd
http://www.mulesoft.org/schema/mule/apikit http://www.mulesoft.org/schema/mule/apikit/current/mule-apikit.xsd">
	<catch-exception-strategy name="interfaceCatch_Exception_Strategy">

		<set-variable variableName="varErrorMessage" value="#[exception]"
			doc:name="Set varErrorMessage" />
		<http:request config-ref="HTTP_Request_Configuration"
			path="/" method="GET" doc:name="Error Framework">
			<http:request-builder>
				<http:query-param paramName="errorMessage"
					value="#[flowVars.varErrorMessage]" />
			</http:request-builder>
		</http:request>
        <set-property propertyName="Content-Type" value="application/json" doc:name="Set Content-Type"/>
	</catch-exception-strategy>
	<apikit:mapping-exception-strategy
		name="api-apiKitGlobalExceptionMapping">
		<apikit:mapping statusCode="404">
			<apikit:exception
				value="org.mule.module.apikit.exception.NotFoundException" />
			<set-property propertyName="Content-Type" value="application/json"
				doc:name="Set Content-Type" />
			<set-payload
				value="{ &quot;message&quot;: &quot;Resource not found&quot; }"
				doc:name="Set Payload" />
		</apikit:mapping>
		<apikit:mapping statusCode="405">
			<apikit:exception
				value="org.mule.module.apikit.exception.MethodNotAllowedException" />
			<set-property propertyName="Content-Type" value="application/json"
				doc:name="Set Content-Type" />
			<set-payload
				value="{ &quot;message&quot;: &quot;Method not allowed&quot; }"
				doc:name="Set Payload" />
		</apikit:mapping>
		<apikit:mapping statusCode="415">
			<apikit:exception
				value="org.mule.module.apikit.exception.UnsupportedMediaTypeException" />
			<set-property propertyName="Content-Type" value="application/json"
				doc:name="Set Content-Type" />
			<set-payload
				value="{ &quot;message&quot;: &quot;Unsupported media type&quot; }"
				doc:name="Set Payload" />
		</apikit:mapping>
		<apikit:mapping statusCode="406">
			<apikit:exception
				value="org.mule.module.apikit.exception.NotAcceptableException" />
			<set-property propertyName="Content-Type" value="application/json"
				doc:name="Set Content-Type" />
			<set-payload value="{ &quot;message&quot;: &quot;Not acceptable&quot; }"
				doc:name="Set Payload" />
		</apikit:mapping>
		<apikit:mapping statusCode="400">
			<apikit:exception
				value="org.mule.module.apikit.exception.BadRequestException" />
			<set-property propertyName="Content-Type" value="application/json"
				doc:name="Set Content-Type" />
			<set-payload value="{ &quot;message&quot;: &quot;Bad Request&quot; }"
				doc:name="Set Payload" />
		</apikit:mapping>
	</apikit:mapping-exception-strategy>
	<choice-exception-strategy name="apiChoice_Exception_Strategy">
		<catch-exception-strategy
			when="#[message.inboundProperties.'http.query.params'.contra_currency_amount != empty and message.inboundProperties.'http.query.params'.base_currency_amount != empty]"
			doc:name="Catch Exception Strategy">
			<set-payload
				value="{    &quot;message&quot;: &quot;Error 1005-025 - Base currency amount and contra currency amount cannot be sent together.&quot;  }"
				doc:name="Set Payload" />
		</catch-exception-strategy>
		<catch-exception-strategy doc:name="Catch Exception Strategy">
			<set-payload
				value="{    &quot;message&quot;: &quot;Request doesn't match the example request&quot;  }"
				doc:name="Set Payload" />
		</catch-exception-strategy>
	</choice-exception-strategy>
</mule>
