<?xml version="1.0" encoding="UTF-8"?>

<mule xmlns:dw="http://www.mulesoft.org/schema/mule/ee/dw" xmlns:metadata="http://www.mulesoft.org/schema/mule/metadata"
	xmlns:db="http://www.mulesoft.org/schema/mule/db" xmlns:json="http://www.mulesoft.org/schema/mule/json"
	xmlns:tracking="http://www.mulesoft.org/schema/mule/ee/tracking" xmlns="http://www.mulesoft.org/schema/mule/core"
	xmlns:doc="http://www.mulesoft.org/schema/mule/documentation"
	xmlns:spring="http://www.springframework.org/schema/beans" xmlns:xsi="http://www.w3.org/2001/XMLSchema-instance"
	xsi:schemaLocation="http://www.springframework.org/schema/beans http://www.springframework.org/schema/beans/spring-beans-current.xsd
http://www.mulesoft.org/schema/mule/core http://www.mulesoft.org/schema/mule/core/current/mule.xsd
http://www.mulesoft.org/schema/mule/db http://www.mulesoft.org/schema/mule/db/current/mule-db.xsd
http://www.mulesoft.org/schema/mule/json http://www.mulesoft.org/schema/mule/json/current/mule-json.xsd
http://www.mulesoft.org/schema/mule/ee/tracking http://www.mulesoft.org/schema/mule/ee/tracking/current/mule-tracking-ee.xsd
http://www.mulesoft.org/schema/mule/ee/dw http://www.mulesoft.org/schema/mule/ee/dw/current/dw.xsd">
	<flow name="getRatesFlow">
		<set-variable variableName="varExampleDBqueryKeyword"
			value="" doc:name="varExampleDBqueryKeyword" />
		<choice doc:name="Choice">
			<when
				expression="#[message.inboundProperties.'http.query.params'.buy_or_sell == 'Buy'                              and message.inboundProperties.'http.query.params'.base_currency_code == 'EUR'                  and message.inboundProperties.'http.query.params'.base_currency_amount == 200                  and message.inboundProperties.'http.query.params'.contra_currency_code == 'USD'                  and message.inboundProperties.'http.query.params'.contra_currency_amount == empty                  and message.inboundProperties.'http.query.params'.receiving_method == 'EFT']">
				<expression-component doc:name="Expression -Buy Example"><![CDATA[#[flowVars.varExampleDBqueryKeyword = 'Buy']]]></expression-component>
			</when>
			<when
				expression="#[message.inboundProperties.'http.query.params'.buy_or_sell == 'Sell'                  and message.inboundProperties.'http.query.params'.base_currency_code == 'GBP'                  and message.inboundProperties.'http.query.params'.base_currency_amount == 100                  and message.inboundProperties.'http.query.params'.contra_currency_code == 'USD'                  and message.inboundProperties.'http.query.params'.contra_currency_amount == empty                  and message.inboundProperties.'http.query.params'.receiving_method == 'EFT']">
				<expression-component doc:name="Expression -Sell Example"><![CDATA[#[flowVars.varExampleDBqueryKeyword = 'Sell']]]></expression-component>
			</when>
		</choice>
		<db:select config-ref="MySQL_Configuration" doc:name="Database">
            <db:parameterized-query><![CDATA[select * from exchangerate where buy_sell_indicator = #[flowVars.varExampleDBqueryKeyword]]]></db:parameterized-query>

		</db:select>
        <dw:transform-message doc:name="Transform Message" metadata:id="87fdadae-533f-4e63-95be-6b18ac9fd937">
            <dw:input-payload doc:sample="sample_data\list_map.dwl"/>
            <dw:set-payload resource="classpath:transform_db_response.dwl"/>
        </dw:transform-message>
        <json:validate-schema schemaLocation="${responseSchema}" doc:name="Validate JSON Schema - Response"/>
		<exception-strategy ref="apiChoice_Exception_Strategy"
			doc:name="Reference Exception Strategy" />
	</flow>
</mule>
