<?xml version="1.0" encoding="UTF-8"?>

<mule xmlns:mulexml="http://www.mulesoft.org/schema/mule/xml"
	xmlns:http="http://www.mulesoft.org/schema/mule/http" xmlns:dw="http://www.mulesoft.org/schema/mule/ee/dw"
	xmlns:db="http://www.mulesoft.org/schema/mule/db" xmlns:metadata="http://www.mulesoft.org/schema/mule/metadata"
	xmlns:context="http://www.springframework.org/schema/context"
	xmlns:tracking="http://www.mulesoft.org/schema/mule/ee/tracking"
	xmlns:json="http://www.mulesoft.org/schema/mule/json" xmlns="http://www.mulesoft.org/schema/mule/core"
	xmlns:doc="http://www.mulesoft.org/schema/mule/documentation"
	xmlns:spring="http://www.springframework.org/schema/beans" xmlns:xsi="http://www.w3.org/2001/XMLSchema-instance"
	xsi:schemaLocation="http://www.springframework.org/schema/context http://www.springframework.org/schema/context/spring-context-current.xsd
http://www.mulesoft.org/schema/mule/json http://www.mulesoft.org/schema/mule/json/current/mule-json.xsd
http://www.springframework.org/schema/beans http://www.springframework.org/schema/beans/spring-beans-current.xsd
http://www.mulesoft.org/schema/mule/core http://www.mulesoft.org/schema/mule/core/current/mule.xsd
http://www.mulesoft.org/schema/mule/ee/tracking http://www.mulesoft.org/schema/mule/ee/tracking/current/mule-tracking-ee.xsd
http://www.mulesoft.org/schema/mule/db http://www.mulesoft.org/schema/mule/db/current/mule-db.xsd
http://www.mulesoft.org/schema/mule/ee/dw http://www.mulesoft.org/schema/mule/ee/dw/current/dw.xsd
http://www.mulesoft.org/schema/mule/http http://www.mulesoft.org/schema/mule/http/current/mule-http.xsd
http://www.mulesoft.org/schema/mule/xml http://www.mulesoft.org/schema/mule/xml/current/mule-xml.xsd">
	<context:property-placeholder location="fx-${env}.properties" />
	<db:mysql-config name="MySQL_Configuration" host="${db.host}"
		port="${db.port}" user="${db.user}" password="${db.password}"
		database="${db.database}" doc:name="MySQL Configuration" />
	<http:request-config name="HTTP_Request_Configuration"
		host="localhost" port="${errorFramework.http.port}" doc:name="HTTP Request Configuration" />
	<flow name="get:/rates:api-config">
		<dw:transform-message doc:name="Transform Query Params"
			metadata:id="b7373c1e-2e83-469a-b777-4ad77dbab15d">
			<dw:set-payload resource="classpath:transform_inbound.dwl" />
		</dw:transform-message>
		<json:validate-schema schemaLocation="${requestSchema}"
			doc:name="Validate JSON Schema - Request" />
		<flow-ref name="getRatesFlow" doc:name="getRatesFlow" />
		<flow-ref name="setPropertiesFlow" doc:name="setPropertiesFlow" />

		<exception-strategy ref="interfaceCatch_Exception_Strategy"
			doc:name="Reference Exception Strategy" />
	</flow>
</mule>
