<?xml version="1.0" encoding="UTF-8"?>
<mule xmlns:dw="http://www.mulesoft.org/schema/mule/ee/dw"
	xmlns:metadata="http://www.mulesoft.org/schema/mule/metadata"
	xmlns:mulexml="http://www.mulesoft.org/schema/mule/xml" xmlns:json="http://www.mulesoft.org/schema/mule/json"
	xmlns:tracking="http://www.mulesoft.org/schema/mule/ee/tracking"
	xmlns:doc="http://www.mulesoft.org/schema/mule/documentation" xmlns="http://www.mulesoft.org/schema/mule/core"
	xmlns:apikit="http://www.mulesoft.org/schema/mule/apikit" xmlns:http="http://www.mulesoft.org/schema/mule/http"
	xmlns:spring="http://www.springframework.org/schema/beans" xmlns:xsi="http://www.w3.org/2001/XMLSchema-instance"
	xsi:schemaLocation="http://www.mulesoft.org/schema/mule/core http://www.mulesoft.org/schema/mule/core/current/mule.xsd
http://www.mulesoft.org/schema/mule/http http://www.mulesoft.org/schema/mule/http/current/mule-http.xsd
http://www.mulesoft.org/schema/mule/apikit http://www.mulesoft.org/schema/mule/apikit/current/mule-apikit.xsd
http://www.springframework.org/schema/beans http://www.springframework.org/schema/beans/spring-beans-3.1.xsd
http://www.mulesoft.org/schema/mule/json http://www.mulesoft.org/schema/mule/json/current/mule-json.xsd
http://www.mulesoft.org/schema/mule/ee/tracking http://www.mulesoft.org/schema/mule/ee/tracking/current/mule-tracking-ee.xsd
http://www.mulesoft.org/schema/mule/xml http://www.mulesoft.org/schema/mule/xml/current/mule-xml.xsd
http://www.mulesoft.org/schema/mule/ee/dw http://www.mulesoft.org/schema/mule/ee/dw/current/dw.xsd">
	<http:listener-config name="api-httpListenerConfig"
		host="0.0.0.0" port="${http.port}" doc:name="HTTP Listener Configuration" />
	<apikit:config name="api-config" raml="api.raml"
		consoleEnabled="false" doc:name="Router" />
	<flow name="api-main">
		<http:listener config-ref="api-httpListenerConfig" path="/api/*"
			doc:name="HTTP" />
		<apikit:router config-ref="api-config" doc:name="APIkit Router" />
		<exception-strategy ref="interfaceCatch_Exception_Strategy"
			doc:name="Reference Exception Strategy" />
	</flow>
	<flow name="api-console">
		<http:listener config-ref="api-httpListenerConfig" path="/console/*"
			doc:name="HTTP" />
		<apikit:console config-ref="api-config" doc:name="APIkit Console" />
	</flow>

</mule>
