[ 
   { 
      "row_id":"1-39WEQ",
      "business_unit":null,
      "customer_name":"SBA_SSVMVC01",
      "member_number":null,
      "oracle_account_number":"OBA-0000093030",
      "eam_name":"EAM_ADP_TEST_001",
      "eam_number":null,
      "company_number":"0030",
      "last_update_date_time":1487697712000,
      "last_updated_by":"0-1",
      "main_phone":"5123926253",
      "low_family_number":null,
      "address":{ 
         "addr_line_1":null,
         "addr_line_2":null,
         "city":null,
         "country":null,
         "province":null,
         "state":null,
         "zipcode":null
      }
   }
]