[ 
   { 
      "row_id":"1-39WEQ",
      "customer_name":"SBA_SSVMVC01",
      "member_number":null,
      "oracle_account_number":"OBA-0000093030",
      "company_number":"0030",
      "address":{ 
         "addr_line_1":null,
         "addr_line_2":null,
         "city":null,
         "country":null,
         "province":null,
         "state":null,
         "zipcode":null
      }
   },
   { 
      "row_id":"1-39FU2",
      "customer_name":"SBA_Messi",
      "member_number":null,
      "oracle_account_number":"OBA-0000092984",
      "company_number":"0030",
      "address":{ 
         "addr_line_1":null,
         "addr_line_2":null,
         "city":null,
         "country":null,
         "province":null,
         "state":null,
         "zipcode":null
      }
   },
   { 
      "row_id":"1-39ISQ",
      "customer_name":"JK_SBA_722_002_Mey",
      "member_number":null,
      "oracle_account_number":"OBA-0000093004",
      "company_number":"0030",
      "address":{ 
         "addr_line_1":null,
         "addr_line_2":null,
         "city":null,
         "country":null,
         "province":null,
         "state":null,
         "zipcode":null
      }
   },
   { 
      "row_id":"1-39NL8",
      "customer_name":"NSBA_SSV_015",
      "member_number":null,
      "oracle_account_number":"OBA-0000093017",
      "company_number":"0030",
      "address":{ 
         "addr_line_1":null,
         "addr_line_2":null,
         "city":null,
         "country":null,
         "province":null,
         "state":null,
         "zipcode":null
      }
   }
]
