<?xml version="1.0" encoding="UTF-8"?>

<mule xmlns:apikit="http://www.mulesoft.org/schema/mule/apikit"
	xmlns:dw="http://www.mulesoft.org/schema/mule/ee/dw"
	xmlns:jms="http://www.mulesoft.org/schema/mule/jms" xmlns="http://www.mulesoft.org/schema/mule/core" xmlns:doc="http://www.mulesoft.org/schema/mule/documentation"
	xmlns:spring="http://www.springframework.org/schema/beans" 
	xmlns:xsi="http://www.w3.org/2001/XMLSchema-instance"
	xsi:schemaLocation="
http://www.mulesoft.org/schema/mule/apikit http://www.mulesoft.org/schema/mule/apikit/current/mule-apikit.xsd 
http://www.mulesoft.org/schema/mule/ee/dw http://www.mulesoft.org/schema/mule/ee/dw/current/dw.xsd http://www.springframework.org/schema/beans http://www.springframework.org/schema/beans/spring-beans-current.xsd
http://www.mulesoft.org/schema/mule/core http://www.mulesoft.org/schema/mule/core/current/mule.xsd
http://www.mulesoft.org/schema/mule/jms http://www.mulesoft.org/schema/mule/jms/current/mule-jms.xsd">
   <choice-exception-strategy name="global-exception-handlerChoice_Exception_Strategy">
		<catch-exception-strategy when="#[exception.causedBy(com.mulesoft.weave.mule.exception.WeaveExecutionException)]" doc:name="Dataweave Exception">
            <logger message="Dataweave Exception for Application Name : #[app.name],  Service Name : #[flow.name]" level="INFO" doc:name="Log Exception to Console"/>
            <set-variable variableName="exceptionClass" value="#['DW_EXCEPTION']" doc:name="Set Exception Class"/>
            <set-variable variableName="exceptionObject" value="#[exception.cause != null ? exception.cause : exception]" doc:name="Set Exception Cause"/>
            <set-variable variableName="errorStatusCode" value="500" doc:name="Set status code" />
			<set-variable variableName="exceptionMessage" value="#[exception.message != null ? exception.message : exception]"
				doc:name="exceptionMessage" />
			<set-property propertyName="http.status" value="#[500]"	doc:name="500" />
            <flow-ref name="exception-routesSub_Flow" doc:name="Route to Exception Handling Sub-Flow"/>
		</catch-exception-strategy>
		
		  <catch-exception-strategy when="#[exception.causedBy(java.sql.SQLException)]" doc:name="Database Exception">
        <logger message="Database Exception Exception for Application Name : #[app.name],  Service Name : #[flow.name]" level="INFO" doc:name="Log Exception to Console"/>
        <set-variable variableName="exceptionClass" value="#['Business_Exception']" doc:name="Set Exception Class"/>
		<set-variable variableName="exceptionObject" value="#[exception.cause != null ? exception.cause : exception]" doc:name="Set Exception Cause"/>
		<set-variable variableName="errorStatusCode" value="500"
				doc:name="Set status code" />
         <set-variable variableName="exceptionMessage" value="#[exception.message]"	doc:name="exceptionMessage" />			
			<set-property propertyName="http.status" value="#[500]" doc:name="500" />         
        <flow-ref name="exception-routesSub_Flow" doc:name="Route to Exception Handling Sub-Flow"/>
        </catch-exception-strategy>
		
		
		
		<catch-exception-strategy doc:name="NetworkConnectionException"
			when="#[exception.causedBy(java.net.ConnectException)]">
			<logger message="Network Connection Exception for Application Name : #[app.name],  Service Name : #[flow.name]" level="INFO" doc:name="Log Exception to Console"/>
			<set-variable variableName="exceptionClass" value="#['NetworkConnection_Exception']" doc:name="Set Exception Class"/>
			<set-variable variableName="exceptionObject" value="#[exception.cause != null ? exception.cause : exception]" doc:name="Set Exception Cause"/>
			<set-variable variableName="errorStatusCode" value="500"
				doc:name="Set status code" />
			<set-variable variableName="exceptionMessage" value="#[exception.message]"	doc:name="exceptionMessage" />				
			<set-property propertyName="http.status" value="#[500]"	doc:name="500" />
			<flow-ref name="exception-routesSub_Flow" doc:name="Route to Exception Handling Sub-Flow"/>
		</catch-exception-strategy>
		
		<catch-exception-strategy doc:name="IOException" when="#[exception.causedBy(java.io.IOException)]">
		<logger message="IO Exception for Application Name : #[app.name],  Service Name : #[flow.name]" level="INFO" doc:name="Log Exception to Console"/>
		<set-variable variableName="exceptionClass" value="#['IO_Exception']" doc:name="Set Exception Class"/>
		<set-variable variableName="exceptionObject" value="#[exception.cause != null ? exception.cause : exception]" doc:name="Set Exception Cause"/>
			<set-variable variableName="errorStatusCode" value="500"
				doc:name="Set status code" />
			<set-variable variableName="exceptionMessage" value="#[exception.message]"	doc:name="exceptionMessage" />			
			<set-property propertyName="http.status" value="#[500]" doc:name="500" />			
			<flow-ref name="exception-routesSub_Flow" doc:name="Route to Exception Handling Sub-Flow"/>
		</catch-exception-strategy>
		
		
		
        <catch-exception-strategy when="#[exception.causedBy(org.mule.extension.validation.api.ValidationException)]" doc:name="Non Retriable Business Exception">
        <logger message="Non Retriable Business Exception for Application Name : #[app.name],  Service Name : #[flow.name]" level="INFO" doc:name="Log Exception to Console"/>
        <set-variable variableName="exceptionClass" value="#['Business_Exception']" doc:name="Set Exception Class"/>
		<set-variable variableName="exceptionObject" value="#[exception.cause != null ? exception.cause : exception]" doc:name="Set Exception Cause"/>
		<set-variable variableName="errorStatusCode" value="500"
				doc:name="Set status code" />
         <set-variable variableName="exceptionMessage" value="#[exception.message]"	doc:name="exceptionMessage" />			
			<set-property propertyName="http.status" value="#[500]" doc:name="500" />         
        <flow-ref name="exception-routesSub_Flow" doc:name="Route to Exception Handling Sub-Flow"/>
        </catch-exception-strategy>
        
        <catch-exception-strategy doc:name="SoapFaultException"
			when="#[exception.causedBy(org.mule.module.ws.consumer.SoapFaultException)]">
			<set-variable variableName="exceptionMessage"
				value="#['Exception message from exception payload']" doc:name="exceptionMessage" />
			<dw:transform-message doc:name="SoapFaultResponse">
				<dw:set-payload><![CDATA[%dw 1.0
%output application/xml	encoding="UTF-8"
%namespace soap http://schemas.xmlsoap.org/soap/envelope/
---
{
  soap#Envelope: {
    soap#Body: {
      soap#Fault: {
        faultcode: "soap:Server",
        faultstring: flowVars.exceptionMessage
      }
    }
  }
}]]></dw:set-payload>
			</dw:transform-message>
			<set-property propertyName="http.status" value="#[500]"
				doc:name="500" />
		</catch-exception-strategy>
        
        <catch-exception-strategy doc:name="Default Exception Handler">
        <logger message="Default exception handler catch all. for Application Name : #[app.name],  Service Name : #[flow.name]" level="INFO" doc:name="Log Exception to Console"/>
        <set-variable variableName="exceptionClass" value="#['Default_Exception']" doc:name="Set Exception Class"/>
		<set-variable variableName="exceptionObject" value="#[exception.cause != null ? exception.cause : exception]" doc:name="Set Exception Cause"/>
		<set-variable variableName="errorStatusCode" value="500"
				doc:name="Set status code" />
         <set-variable variableName="exceptionMessage" value="#[exception.message]"	doc:name="exceptionMessage" />			
			<set-property propertyName="http.status" value="#[500]" doc:name="500" />         
        <flow-ref name="exception-routesSub_Flow" doc:name="Route to Exception Handling Sub-Flow"/>
        	
        </catch-exception-strategy>
    </choice-exception-strategy>
    <apikit:mapping-exception-strategy name="equifax_gcp_ofp_customer_api-apiKitGlobalExceptionMapping">
        <apikit:mapping statusCode="404">        
            <apikit:exception value="org.mule.module.apikit.exception.NotFoundException" />
            
              <set-variable variableName="errorStatusCode" value="404"
				doc:name="Set status code" />
			<set-variable variableName="errorReasonPhrase" value="Resource not found"
				doc:name="Set reason phrase" />
			<dw:transform-message doc:name="Exception response">
				<dw:set-payload><![CDATA[%dw 1.0
		%output application/json
		---
		{
		  "errorInfo": {
		    "transactionId": flowVars.transactionId,
		    "returnCode": flowVars.errorStatusCode,
		    "returnReason": flowVars.errorReasonPhrase
		  }
		}]]></dw:set-payload>
			</dw:transform-message>
        </apikit:mapping>
        <apikit:mapping statusCode="405">
            <apikit:exception value="org.mule.module.apikit.exception.MethodNotAllowedException" /> 
            
             <set-variable variableName="errorStatusCode" value="405"
				doc:name="Set status code" />
			<set-variable variableName="errorReasonPhrase" value="Method not allowed"
				doc:name="Set reason phrase" />
			<dw:transform-message doc:name="Exception response">
				<dw:set-payload><![CDATA[%dw 1.0
		%output application/json
		---
		{
		  "errorInfo": {
		    "transactionId": flowVars.transactionId,
		    "returnCode": flowVars.errorStatusCode,
		    "returnReason": flowVars.errorReasonPhrase
		  }
		}]]></dw:set-payload>
			</dw:transform-message>
          </apikit:mapping>
          
        <apikit:mapping statusCode="415">
            <apikit:exception value="org.mule.module.apikit.exception.UnsupportedMediaTypeException" />
            
            <set-variable variableName="errorStatusCode" value="415"
				doc:name="Set status code" />
			<set-variable variableName="errorReasonPhrase" value="Unsupported media type"
				doc:name="Set reason phrase" />
			<dw:transform-message doc:name="Exception response">
				<dw:set-payload><![CDATA[%dw 1.0
		%output application/json
		---
		{
		  "errorInfo": {
		    "transactionId": flowVars.transactionId,
		    "returnCode": flowVars.errorStatusCode,
		    "returnReason": flowVars.errorReasonPhrase
		  }
		}]]></dw:set-payload>
			</dw:transform-message>
              
            
        </apikit:mapping>
        
        <apikit:mapping statusCode="406">
            <apikit:exception value="org.mule.module.apikit.exception.NotAcceptableException" />
            <set-variable variableName="errorStatusCode" value="406"
				doc:name="Set status code" />
			<set-variable variableName="errorReasonPhrase" value="Not acceptable"
				doc:name="Set reason phrase" />
			<dw:transform-message doc:name="Exception response">
				<dw:set-payload><![CDATA[%dw 1.0
		%output application/json
		---
		{
		  "errorInfo": {
		    "transactionId": flowVars.transactionId,
		    "returnCode": flowVars.errorStatusCode,
		    "returnReason": flowVars.errorReasonPhrase
		  }
		}]]></dw:set-payload>
			</dw:transform-message>
                        
        </apikit:mapping>
        <apikit:mapping statusCode="400">
            <apikit:exception value="org.mule.module.apikit.exception.BadRequestException" />
            <set-variable variableName="errorStatusCode" value="400"
				doc:name="Set status code" />
			<set-variable variableName="errorReasonPhrase" value="Bad request"
				doc:name="Set reason phrase" />
			<dw:transform-message doc:name="Exception response">
				<dw:set-payload><![CDATA[%dw 1.0
		%output application/json
		---
		{
		  "errorInfo": {
		    "transactionId": flowVars.transactionId,
		    "returnCode": flowVars.errorStatusCode,
		    "returnReason": flowVars.errorReasonPhrase
		  }
		}]]></dw:set-payload>
			</dw:transform-message>
              
        </apikit:mapping>
    </apikit:mapping-exception-strategy>
    
</mule>
