<?xml version="1.0" encoding="UTF-8"?>

<mule xmlns:cors="http://www.mulesoft.org/schema/mule/cors"
	xmlns:http="http://www.mulesoft.org/schema/mule/http" xmlns:tracking="http://www.mulesoft.org/schema/mule/ee/tracking" xmlns="http://www.mulesoft.org/schema/mule/core" xmlns:doc="http://www.mulesoft.org/schema/mule/documentation"
	xmlns:spring="http://www.springframework.org/schema/beans" 
	xmlns:xsi="http://www.w3.org/2001/XMLSchema-instance"	
	xsi:schemaLocation="
http://www.mulesoft.org/schema/mule/cors http://www.mulesoft.org/schema/mule/cors/current/mule-cors.xsd http://www.springframework.org/schema/beans http://www.springframework.org/schema/beans/spring-beans-current.xsd
http://www.mulesoft.org/schema/mule/core http://www.mulesoft.org/schema/mule/core/current/mule.xsd
http://www.mulesoft.org/schema/mule/http http://www.mulesoft.org/schema/mule/http/current/mule-http.xsd
http://www.mulesoft.org/schema/mule/ee/tracking http://www.mulesoft.org/schema/mule/ee/tracking/current/mule-tracking-ee.xsd">
    
  <cors:config name="Cors_Configuration" doc:name="Cors Configuration">
     <cors:origins>
         <cors:origin url="*" accessControlMaxAge="180">
             <cors:methods>
                 <cors:method>GET</cors:method>
                 <cors:method>POST</cors:method>
                 <cors:method>PUT</cors:method>
                 <cors:method>DELETE</cors:method>
                 <cors:method>OPTIONS</cors:method>
             </cors:methods>
             <cors:headers>
                 <cors:header>X-Allow-Origin</cors:header>
             </cors:headers>
         </cors:origin>
     </cors:origins>
 </cors:config>
    
</mule>
