<?xml version="1.0" encoding="UTF-8"?>
<mule version="EE-3.8.0" xmlns="http://www.mulesoft.org/schema/mule/core" xmlns:db="http://www.mulesoft.org/schema/mule/db" xmlns:doc="http://www.mulesoft.org/schema/mule/documentation" xmlns:http="http://www.mulesoft.org/schema/mule/http" xmlns:json="http://www.mulesoft.org/schema/mule/json" xmlns:spring="http://www.springframework.org/schema/beans" xmlns:tracking="http://www.mulesoft.org/schema/mule/ee/tracking" xmlns:xsi="http://www.w3.org/2001/XMLSchema-instance" xsi:schemaLocation="http://www.mulesoft.org/schema/mule/json http://www.mulesoft.org/schema/mule/json/current/mule-json.xsd http://www.mulesoft.org/schema/mule/http http://www.mulesoft.org/schema/mule/http/current/mule-http.xsd http://www.mulesoft.org/schema/mule/db http://www.mulesoft.org/schema/mule/db/current/mule-db.xsd http://www.springframework.org/schema/beans http://www.springframework.org/schema/beans/spring-beans-current.xsd http://www.mulesoft.org/schema/mule/core http://www.mulesoft.org/schema/mule/core/current/mule.xsd http://www.mulesoft.org/schema/mule/ee/tracking http://www.mulesoft.org/schema/mule/ee/tracking/current/mule-tracking-ee.xsd">
    <db:generic-config doc:name="Generic Database Configuration" driverClassName="com.mysql.jdbc.Driver" name="MySQL_Configuration" url="${jdbc.url}"/>
    <http:listener-config doc:name="HTTP Listener Configuration" host="0.0.0.0" name="HTTP_Listener_Configuration" port="${http.port}"/>
    <flow name="database-to-jsonFlow">
        <http:listener config-ref="HTTP_Listener_Configuration" doc:name="Recieve HTTP request" path="/"/>
        <db:select config-ref="MySQL_Configuration" doc:name="Perform a query in MySQL">
            <db:dynamic-query><![CDATA[select first_name from employees where last_name = "#[message.inboundProperties['http.query.params'].lastname]"]]></db:dynamic-query>


        </db:select>
        <json:object-to-json-transformer doc:name="Convert Object to JSON"/>
    </flow>
</mule>