<metadata__cache__entry>
  <version>5.2.0.0</version>
  <connectorName>Oracle_Configuration_CMSDEV</connectorName>
  <metadataIo class="tree-map">
    <entry>
      <string>http://www.mulesoft.org/schema/mule/db/select</string>
      <map>
        <entry>
          <string>SELECT  SOE.ROW_ID AS ROW_ID,
        SOE.AGENCY_NIBRS_IND Member_Number,
        SOE.NAME AS Customer_Name,
        SOE.OU_NUM AS Oracle_Account_Number,
        SOE.CMPNY_NAME Company_Number,
        LOV.DESC_TEXT AS Business_Unit_Name,
        SOE.LAST_UPD,
        SOE.LAST_UPD_BY,
        SOE.AGENCY_INDICATOR,
      SOE_EAM.ROW_ID AS eam_ROWID,
        SOE_EAM.AGENCY_NIBRS_IND EAM_Member_Number,
        SOE_EAM.NAME EAM_Name,
        SOE_EAM.OU_NUM EAM_Oracle_Account_Number,
        SOE.MAIN_PH_NUM,
        SAP.ADDR_NAME,
        SAP.ACTIVE_FLG address_active,
        SAP.ADDR,
        SAP.ADDR_LINE_2,
        SAP.CITY,
        SAP.COUNTRY,
        SAP.STATE,
        SAP.PROVINCE,
        SAP.ZIPCODE
FROM SIEBEL.S_ORG_EXT SOE  --NSBA
    LEFT OUTER JOIN SIEBEL.S_ORG_EXT SOE_EAM ON SOE.PAR_OU_ID = SOE_EAM.ROW_ID --EAM - NSBA
    left outer join SIEBEL.S_ADDR_PER SAP ON SOE.PR_ADDR_ID  = SAP.ROW_ID
    LEFT OUTER JOIN SIEBEL.S_LST_OF_VAL LOV ON SOE.CMPNY_NAME = LOV.VAL AND LOV.ACTIVE_FLG = &apos;Y&apos; AND LOV.TYPE IN (&apos;EFX_COMPANY_CODE&apos;)
WHERE SOE.ROW_ID = &apos;#[message.inboundProperties.&apos;http.uri.params&apos;.row_id]&apos;</string>
          <org.mule.tooling.metadata.cache.DefaultMetadataCacheEntry>
            <output class="org.mule.common.metadata.DefaultMetaData">
              <payload class="org.mule.common.metadata.DefaultListMetaDataModel">
                <dataType>LIST</dataType>
                <metaDataModelPropertiesManager>
                  <properties/>
                </metaDataModelPropertiesManager>
                <model class="org.mule.common.metadata.DefaultDefinedMapMetaDataModel">
                  <dataType>MAP</dataType>
                  <metaDataModelPropertiesManager>
                    <properties/>
                  </metaDataModelPropertiesManager>
                  <fields/>
                </model>
                <isArray>false</isArray>
              </payload>
              <properties class="tree-map">
                <entry>
                  <org.mule.common.metadata.MetaDataPropertyScope>FLOW</org.mule.common.metadata.MetaDataPropertyScope>
                  <org.mule.common.metadata.MetaDataProperties>
                    <fields class="sorted-set">
                      <comparator class="org.mule.common.metadata.MetaDataProperties$MetaDataFieldComparator"/>
                    </fields>
                  </org.mule.common.metadata.MetaDataProperties>
                </entry>
                <entry>
                  <org.mule.common.metadata.MetaDataPropertyScope>INBOUND</org.mule.common.metadata.MetaDataPropertyScope>
                  <org.mule.common.metadata.MetaDataProperties>
                    <fields class="sorted-set">
                      <comparator class="org.mule.common.metadata.MetaDataProperties$MetaDataFieldComparator"/>
                    </fields>
                  </org.mule.common.metadata.MetaDataProperties>
                </entry>
                <entry>
                  <org.mule.common.metadata.MetaDataPropertyScope>OUTBOUND</org.mule.common.metadata.MetaDataPropertyScope>
                  <org.mule.common.metadata.MetaDataProperties>
                    <fields class="sorted-set">
                      <comparator class="org.mule.common.metadata.MetaDataProperties$MetaDataFieldComparator"/>
                    </fields>
                  </org.mule.common.metadata.MetaDataProperties>
                </entry>
                <entry>
                  <org.mule.common.metadata.MetaDataPropertyScope>SESSION</org.mule.common.metadata.MetaDataPropertyScope>
                  <org.mule.common.metadata.MetaDataProperties>
                    <fields class="sorted-set">
                      <comparator class="org.mule.common.metadata.MetaDataProperties$MetaDataFieldComparator"/>
                    </fields>
                  </org.mule.common.metadata.MetaDataProperties>
                </entry>
                <entry>
                  <org.mule.common.metadata.MetaDataPropertyScope>RECORD</org.mule.common.metadata.MetaDataPropertyScope>
                  <org.mule.common.metadata.MetaDataProperties>
                    <fields class="sorted-set">
                      <comparator class="org.mule.common.metadata.MetaDataProperties$MetaDataFieldComparator"/>
                    </fields>
                  </org.mule.common.metadata.MetaDataProperties>
                </entry>
              </properties>
            </output>
          </org.mule.tooling.metadata.cache.DefaultMetadataCacheEntry>
        </entry>
        <entry>
          <string>SELECT  SOE.ROW_ID AS ROW_ID,&#xd;
        SOE.AGENCY_NIBRS_IND Member_Number,&#xd;
        SOE.NAME AS Customer_Name,&#xd;
        SOE.OU_NUM AS Oracle_Account_Number,&#xd;
        SOE.CMPNY_NAME Company_Number,&#xd;
        LOV.DESC_TEXT AS Business_Unit_Name,&#xd;
        SOE.LAST_UPD,&#xd;
        SOE.LAST_UPD_BY,&#xd;
        SOE.AGENCY_INDICATOR,&#xd;
      SOE_EAM.ROW_ID AS eam_ROWID,&#xd;
        SOE_EAM.AGENCY_NIBRS_IND EAM_Member_Number,&#xd;
        SOE_EAM.NAME EAM_Name,&#xd;
        SOE_EAM.OU_NUM EAM_Oracle_Account_Number,&#xd;
        SOE.MAIN_PH_NUM,&#xd;
        SAP.ADDR_NAME,&#xd;
        SAP.ACTIVE_FLG address_active,&#xd;
        SAP.ADDR,&#xd;
        SAP.ADDR_LINE_2,&#xd;
        SAP.CITY,&#xd;
        SAP.COUNTRY,&#xd;
        SAP.STATE,&#xd;
        SAP.PROVINCE,&#xd;
        SAP.ZIPCODE&#xd;
FROM SIEBEL.S_ORG_EXT SOE  --NSBA&#xd;
    LEFT OUTER JOIN SIEBEL.S_ORG_EXT SOE_EAM ON SOE.PAR_OU_ID = SOE_EAM.ROW_ID --EAM - NSBA&#xd;
    left outer join SIEBEL.S_ADDR_PER SAP ON SOE.PR_ADDR_ID  = SAP.ROW_ID&#xd;
    LEFT OUTER JOIN SIEBEL.S_LST_OF_VAL LOV ON SOE.CMPNY_NAME = LOV.VAL AND LOV.ACTIVE_FLG = &apos;Y&apos; AND LOV.TYPE IN (&apos;EFX_COMPANY_CODE&apos;)&#xd;
--WHERE SOE.ROW_ID =  &lt;param&gt;  -- e.g.&apos;1-2P516&apos;s+</string>
          <org.mule.tooling.metadata.cache.DefaultMetadataCacheEntry>
            <output class="org.mule.common.metadata.DefaultMetaData">
              <payload class="org.mule.common.metadata.DefaultListMetaDataModel">
                <dataType>LIST</dataType>
                <metaDataModelPropertiesManager>
                  <properties/>
                </metaDataModelPropertiesManager>
                <model class="org.mule.common.metadata.DefaultDefinedMapMetaDataModel">
                  <dataType>MAP</dataType>
                  <metaDataModelPropertiesManager>
                    <properties/>
                  </metaDataModelPropertiesManager>
                  <fields/>
                </model>
                <isArray>false</isArray>
              </payload>
              <properties class="tree-map">
                <entry>
                  <org.mule.common.metadata.MetaDataPropertyScope>FLOW</org.mule.common.metadata.MetaDataPropertyScope>
                  <org.mule.common.metadata.MetaDataProperties>
                    <fields class="sorted-set">
                      <comparator class="org.mule.common.metadata.MetaDataProperties$MetaDataFieldComparator"/>
                    </fields>
                  </org.mule.common.metadata.MetaDataProperties>
                </entry>
                <entry>
                  <org.mule.common.metadata.MetaDataPropertyScope>INBOUND</org.mule.common.metadata.MetaDataPropertyScope>
                  <org.mule.common.metadata.MetaDataProperties>
                    <fields class="sorted-set">
                      <comparator class="org.mule.common.metadata.MetaDataProperties$MetaDataFieldComparator"/>
                    </fields>
                  </org.mule.common.metadata.MetaDataProperties>
                </entry>
                <entry>
                  <org.mule.common.metadata.MetaDataPropertyScope>OUTBOUND</org.mule.common.metadata.MetaDataPropertyScope>
                  <org.mule.common.metadata.MetaDataProperties>
                    <fields class="sorted-set">
                      <comparator class="org.mule.common.metadata.MetaDataProperties$MetaDataFieldComparator"/>
                    </fields>
                  </org.mule.common.metadata.MetaDataProperties>
                </entry>
                <entry>
                  <org.mule.common.metadata.MetaDataPropertyScope>SESSION</org.mule.common.metadata.MetaDataPropertyScope>
                  <org.mule.common.metadata.MetaDataProperties>
                    <fields class="sorted-set">
                      <comparator class="org.mule.common.metadata.MetaDataProperties$MetaDataFieldComparator"/>
                    </fields>
                  </org.mule.common.metadata.MetaDataProperties>
                </entry>
                <entry>
                  <org.mule.common.metadata.MetaDataPropertyScope>RECORD</org.mule.common.metadata.MetaDataPropertyScope>
                  <org.mule.common.metadata.MetaDataProperties>
                    <fields class="sorted-set">
                      <comparator class="org.mule.common.metadata.MetaDataProperties$MetaDataFieldComparator"/>
                    </fields>
                  </org.mule.common.metadata.MetaDataProperties>
                </entry>
              </properties>
            </output>
          </org.mule.tooling.metadata.cache.DefaultMetadataCacheEntry>
        </entry>
        <entry>
          <string>SELECT  SOE.ROW_ID AS ROW_ID,&#xd;
        SOE.AGENCY_NIBRS_IND Member_Number,&#xd;
        SOE.NAME AS Customer_Name,&#xd;
        SOE.OU_NUM AS Oracle_Account_Number,&#xd;
        SOE.CMPNY_NAME Company_Number,&#xd;
        LOV.DESC_TEXT AS Business_Unit_Name,&#xd;
        SOE.LAST_UPD,&#xd;
        SOE.LAST_UPD_BY,&#xd;
        SOE.AGENCY_INDICATOR,&#xd;
      SOE_EAM.ROW_ID AS eam_ROWID,&#xd;
        SOE_EAM.AGENCY_NIBRS_IND EAM_Member_Number,&#xd;
        SOE_EAM.NAME EAM_Name,&#xd;
        SOE_EAM.OU_NUM EAM_Oracle_Account_Number,&#xd;
        SOE.MAIN_PH_NUM,&#xd;
        SAP.ADDR_NAME,&#xd;
        SAP.ACTIVE_FLG address_active,&#xd;
        SAP.ADDR,&#xd;
        SAP.ADDR_LINE_2,&#xd;
        SAP.CITY,&#xd;
        SAP.COUNTRY,&#xd;
        SAP.STATE,&#xd;
        SAP.PROVINCE,&#xd;
        SAP.ZIPCODE&#xd;
FROM SIEBEL.S_ORG_EXT SOE  --NSBA&#xd;
    LEFT OUTER JOIN SIEBEL.S_ORG_EXT SOE_EAM ON SOE.PAR_OU_ID = SOE_EAM.ROW_ID --EAM - NSBA&#xd;
    left outer join SIEBEL.S_ADDR_PER SAP ON SOE.PR_ADDR_ID  = SAP.ROW_ID&#xd;
    LEFT OUTER JOIN SIEBEL.S_LST_OF_VAL LOV ON SOE.CMPNY_NAME = LOV.VAL AND LOV.ACTIVE_FLG = &apos;Y&apos; AND LOV.TYPE IN (&apos;EFX_COMPANY_CODE&apos;)&#xd;
WHERE SOE.ROW_ID = #[message.inboundProperties.&apos;http.uri.params&apos;.row_id]</string>
          <org.mule.tooling.metadata.cache.DefaultMetadataCacheEntry>
            <output class="org.mule.common.metadata.DefaultMetaData">
              <payload class="org.mule.common.metadata.DefaultListMetaDataModel">
                <dataType>LIST</dataType>
                <metaDataModelPropertiesManager>
                  <properties/>
                </metaDataModelPropertiesManager>
                <model class="org.mule.common.metadata.DefaultDefinedMapMetaDataModel">
                  <dataType>MAP</dataType>
                  <metaDataModelPropertiesManager>
                    <properties/>
                  </metaDataModelPropertiesManager>
                  <fields/>
                </model>
                <isArray>false</isArray>
              </payload>
              <properties class="tree-map">
                <entry>
                  <org.mule.common.metadata.MetaDataPropertyScope>FLOW</org.mule.common.metadata.MetaDataPropertyScope>
                  <org.mule.common.metadata.MetaDataProperties>
                    <fields class="sorted-set">
                      <comparator class="org.mule.common.metadata.MetaDataProperties$MetaDataFieldComparator"/>
                    </fields>
                  </org.mule.common.metadata.MetaDataProperties>
                </entry>
                <entry>
                  <org.mule.common.metadata.MetaDataPropertyScope>INBOUND</org.mule.common.metadata.MetaDataPropertyScope>
                  <org.mule.common.metadata.MetaDataProperties>
                    <fields class="sorted-set">
                      <comparator class="org.mule.common.metadata.MetaDataProperties$MetaDataFieldComparator"/>
                    </fields>
                  </org.mule.common.metadata.MetaDataProperties>
                </entry>
                <entry>
                  <org.mule.common.metadata.MetaDataPropertyScope>OUTBOUND</org.mule.common.metadata.MetaDataPropertyScope>
                  <org.mule.common.metadata.MetaDataProperties>
                    <fields class="sorted-set">
                      <comparator class="org.mule.common.metadata.MetaDataProperties$MetaDataFieldComparator"/>
                    </fields>
                  </org.mule.common.metadata.MetaDataProperties>
                </entry>
                <entry>
                  <org.mule.common.metadata.MetaDataPropertyScope>SESSION</org.mule.common.metadata.MetaDataPropertyScope>
                  <org.mule.common.metadata.MetaDataProperties>
                    <fields class="sorted-set">
                      <comparator class="org.mule.common.metadata.MetaDataProperties$MetaDataFieldComparator"/>
                    </fields>
                  </org.mule.common.metadata.MetaDataProperties>
                </entry>
                <entry>
                  <org.mule.common.metadata.MetaDataPropertyScope>RECORD</org.mule.common.metadata.MetaDataPropertyScope>
                  <org.mule.common.metadata.MetaDataProperties>
                    <fields class="sorted-set">
                      <comparator class="org.mule.common.metadata.MetaDataProperties$MetaDataFieldComparator"/>
                    </fields>
                  </org.mule.common.metadata.MetaDataProperties>
                </entry>
              </properties>
            </output>
          </org.mule.tooling.metadata.cache.DefaultMetadataCacheEntry>
        </entry>
        <entry>
          <string>SELECT  SOE.ROW_ID AS ROW_ID,&#xd;
        SOE.AGENCY_NIBRS_IND Member_Number,&#xd;
        SOE.NAME AS Customer_Name,&#xd;
        SOE.OU_NUM AS Oracle_Account_Number,&#xd;
        SOE.CMPNY_NAME Company_Number,&#xd;
        LOV.DESC_TEXT AS Business_Unit_Name,&#xd;
        SOE.LAST_UPD,&#xd;
        SOE.LAST_UPD_BY,&#xd;
        SOE.AGENCY_INDICATOR,&#xd;
      SOE_EAM.ROW_ID AS eam_ROWID,&#xd;
        SOE_EAM.AGENCY_NIBRS_IND EAM_Member_Number,&#xd;
        SOE_EAM.NAME EAM_Name,&#xd;
        SOE_EAM.OU_NUM EAM_Oracle_Account_Number,&#xd;
        SOE.MAIN_PH_NUM,&#xd;
        SAP.ADDR_NAME,&#xd;
        SAP.ACTIVE_FLG address_active,&#xd;
        SAP.ADDR,&#xd;
        SAP.ADDR_LINE_2,&#xd;
        SAP.CITY,&#xd;
        SAP.COUNTRY,&#xd;
        SAP.STATE,&#xd;
        SAP.PROVINCE,&#xd;
        SAP.ZIPCODE&#xd;
FROM SIEBEL.S_ORG_EXT SOE  --NSBA&#xd;
    LEFT OUTER JOIN SIEBEL.S_ORG_EXT SOE_EAM ON SOE.PAR_OU_ID = SOE_EAM.ROW_ID --EAM - NSBA&#xd;
    left outer join SIEBEL.S_ADDR_PER SAP ON SOE.PR_ADDR_ID  = SAP.ROW_ID&#xd;
    LEFT OUTER JOIN SIEBEL.S_LST_OF_VAL LOV ON SOE.CMPNY_NAME = LOV.VAL AND LOV.ACTIVE_FLG = &apos;Y&apos; AND LOV.TYPE IN (&apos;EFX_COMPANY_CODE&apos;)&#xd;
WHERE SOE.ROW_ID =#[message.inboundProperties.&apos;http.uri.params&apos;.row_id]</string>
          <org.mule.tooling.metadata.cache.DefaultMetadataCacheEntry>
            <output class="org.mule.common.metadata.DefaultMetaData">
              <payload class="org.mule.common.metadata.DefaultListMetaDataModel">
                <dataType>LIST</dataType>
                <metaDataModelPropertiesManager>
                  <properties/>
                </metaDataModelPropertiesManager>
                <model class="org.mule.common.metadata.DefaultDefinedMapMetaDataModel">
                  <dataType>MAP</dataType>
                  <metaDataModelPropertiesManager>
                    <properties/>
                  </metaDataModelPropertiesManager>
                  <fields/>
                </model>
                <isArray>false</isArray>
              </payload>
              <properties class="tree-map">
                <entry>
                  <org.mule.common.metadata.MetaDataPropertyScope>FLOW</org.mule.common.metadata.MetaDataPropertyScope>
                  <org.mule.common.metadata.MetaDataProperties>
                    <fields class="sorted-set">
                      <comparator class="org.mule.common.metadata.MetaDataProperties$MetaDataFieldComparator"/>
                    </fields>
                  </org.mule.common.metadata.MetaDataProperties>
                </entry>
                <entry>
                  <org.mule.common.metadata.MetaDataPropertyScope>INBOUND</org.mule.common.metadata.MetaDataPropertyScope>
                  <org.mule.common.metadata.MetaDataProperties>
                    <fields class="sorted-set">
                      <comparator class="org.mule.common.metadata.MetaDataProperties$MetaDataFieldComparator"/>
                    </fields>
                  </org.mule.common.metadata.MetaDataProperties>
                </entry>
                <entry>
                  <org.mule.common.metadata.MetaDataPropertyScope>OUTBOUND</org.mule.common.metadata.MetaDataPropertyScope>
                  <org.mule.common.metadata.MetaDataProperties>
                    <fields class="sorted-set">
                      <comparator class="org.mule.common.metadata.MetaDataProperties$MetaDataFieldComparator"/>
                    </fields>
                  </org.mule.common.metadata.MetaDataProperties>
                </entry>
                <entry>
                  <org.mule.common.metadata.MetaDataPropertyScope>SESSION</org.mule.common.metadata.MetaDataPropertyScope>
                  <org.mule.common.metadata.MetaDataProperties>
                    <fields class="sorted-set">
                      <comparator class="org.mule.common.metadata.MetaDataProperties$MetaDataFieldComparator"/>
                    </fields>
                  </org.mule.common.metadata.MetaDataProperties>
                </entry>
                <entry>
                  <org.mule.common.metadata.MetaDataPropertyScope>RECORD</org.mule.common.metadata.MetaDataPropertyScope>
                  <org.mule.common.metadata.MetaDataProperties>
                    <fields class="sorted-set">
                      <comparator class="org.mule.common.metadata.MetaDataProperties$MetaDataFieldComparator"/>
                    </fields>
                  </org.mule.common.metadata.MetaDataProperties>
                </entry>
              </properties>
            </output>
          </org.mule.tooling.metadata.cache.DefaultMetadataCacheEntry>
        </entry>
        <entry>
          <string>SELECT  SOE.ROW_ID AS ROW_ID,&#xd;
        SOE.AGENCY_NIBRS_IND Member_Number,&#xd;
        SOE.NAME AS Customer_Name,&#xd;
        SOE.OU_NUM AS Oracle_Account_Number,&#xd;
        SOE.CMPNY_NAME Company_Number,&#xd;
        LOV.DESC_TEXT AS Business_Unit_Name,&#xd;
        SOE.LAST_UPD,&#xd;
        SOE.LAST_UPD_BY,&#xd;
        SOE.AGENCY_INDICATOR,&#xd;
      SOE_EAM.ROW_ID AS eam_ROWID,&#xd;
        SOE_EAM.AGENCY_NIBRS_IND EAM_Member_Number,&#xd;
        SOE_EAM.NAME EAM_Name,&#xd;
        SOE_EAM.OU_NUM EAM_Oracle_Account_Number,&#xd;
        SOE.MAIN_PH_NUM,&#xd;
        SAP.ADDR_NAME,&#xd;
        SAP.ACTIVE_FLG address_active,&#xd;
        SAP.ADDR,&#xd;
        SAP.ADDR_LINE_2,&#xd;
        SAP.CITY,&#xd;
        SAP.COUNTRY,&#xd;
        SAP.STATE,&#xd;
        SAP.PROVINCE,&#xd;
        SAP.ZIPCODE&#xd;
FROM SIEBEL.S_ORG_EXT SOE  --NSBA&#xd;
    LEFT OUTER JOIN SIEBEL.S_ORG_EXT SOE_EAM ON SOE.PAR_OU_ID = SOE_EAM.ROW_ID --EAM - NSBA&#xd;
    left outer join SIEBEL.S_ADDR_PER SAP ON SOE.PR_ADDR_ID  = SAP.ROW_ID&#xd;
    LEFT OUTER JOIN SIEBEL.S_LST_OF_VAL LOV ON SOE.CMPNY_NAME = LOV.VAL AND LOV.ACTIVE_FLG = &apos;Y&apos; AND LOV.TYPE IN (&apos;EFX_COMPANY_CODE&apos;)&#xd;
--WHERE SOE.ROW_ID =  &lt;param&gt;  -- e.g.&apos;1-2P516&apos;s</string>
          <org.mule.tooling.metadata.cache.DefaultMetadataCacheEntry>
            <output class="org.mule.common.metadata.DefaultMetaData">
              <payload class="org.mule.common.metadata.DefaultListMetaDataModel">
                <dataType>LIST</dataType>
                <metaDataModelPropertiesManager>
                  <properties/>
                </metaDataModelPropertiesManager>
                <model class="org.mule.common.metadata.DefaultDefinedMapMetaDataModel">
                  <dataType>MAP</dataType>
                  <metaDataModelPropertiesManager>
                    <properties/>
                  </metaDataModelPropertiesManager>
                  <fields/>
                </model>
                <isArray>false</isArray>
              </payload>
              <properties class="tree-map">
                <entry>
                  <org.mule.common.metadata.MetaDataPropertyScope>FLOW</org.mule.common.metadata.MetaDataPropertyScope>
                  <org.mule.common.metadata.MetaDataProperties>
                    <fields class="sorted-set">
                      <comparator class="org.mule.common.metadata.MetaDataProperties$MetaDataFieldComparator"/>
                    </fields>
                  </org.mule.common.metadata.MetaDataProperties>
                </entry>
                <entry>
                  <org.mule.common.metadata.MetaDataPropertyScope>INBOUND</org.mule.common.metadata.MetaDataPropertyScope>
                  <org.mule.common.metadata.MetaDataProperties>
                    <fields class="sorted-set">
                      <comparator class="org.mule.common.metadata.MetaDataProperties$MetaDataFieldComparator"/>
                    </fields>
                  </org.mule.common.metadata.MetaDataProperties>
                </entry>
                <entry>
                  <org.mule.common.metadata.MetaDataPropertyScope>OUTBOUND</org.mule.common.metadata.MetaDataPropertyScope>
                  <org.mule.common.metadata.MetaDataProperties>
                    <fields class="sorted-set">
                      <comparator class="org.mule.common.metadata.MetaDataProperties$MetaDataFieldComparator"/>
                    </fields>
                  </org.mule.common.metadata.MetaDataProperties>
                </entry>
                <entry>
                  <org.mule.common.metadata.MetaDataPropertyScope>SESSION</org.mule.common.metadata.MetaDataPropertyScope>
                  <org.mule.common.metadata.MetaDataProperties>
                    <fields class="sorted-set">
                      <comparator class="org.mule.common.metadata.MetaDataProperties$MetaDataFieldComparator"/>
                    </fields>
                  </org.mule.common.metadata.MetaDataProperties>
                </entry>
                <entry>
                  <org.mule.common.metadata.MetaDataPropertyScope>RECORD</org.mule.common.metadata.MetaDataPropertyScope>
                  <org.mule.common.metadata.MetaDataProperties>
                    <fields class="sorted-set">
                      <comparator class="org.mule.common.metadata.MetaDataProperties$MetaDataFieldComparator"/>
                    </fields>
                  </org.mule.common.metadata.MetaDataProperties>
                </entry>
              </properties>
            </output>
          </org.mule.tooling.metadata.cache.DefaultMetadataCacheEntry>
        </entry>
        <entry>
          <string>SELECT  SOE.ROW_ID AS ROW_ID,&#xd;
        SOE.AGENCY_NIBRS_IND Member_Number,&#xd;
        SOE.NAME AS Customer_Name,&#xd;
        SOE.OU_NUM AS Oracle_Account_Number,&#xd;
        SOE.CMPNY_NAME Company_Number,&#xd;
        LOV.DESC_TEXT AS Business_Unit_Name,&#xd;
        SOE.LAST_UPD,&#xd;
        SOE.LAST_UPD_BY,&#xd;
        SOE.AGENCY_INDICATOR,&#xd;
      SOE_EAM.ROW_ID AS eam_ROWID,&#xd;
        SOE_EAM.AGENCY_NIBRS_IND EAM_Member_Number,&#xd;
        SOE_EAM.NAME EAM_Name,&#xd;
        SOE_EAM.OU_NUM EAM_Oracle_Account_Number,&#xd;
        SOE.MAIN_PH_NUM,&#xd;
        SAP.ADDR_NAME,&#xd;
        SAP.ACTIVE_FLG address_active,&#xd;
        SAP.ADDR,&#xd;
        SAP.ADDR_LINE_2,&#xd;
        SAP.CITY,&#xd;
        SAP.COUNTRY,&#xd;
        SAP.STATE,&#xd;
        SAP.PROVINCE,&#xd;
        SAP.ZIPCODE&#xd;
FROM SIEBEL.S_ORG_EXT SOE  --NSBA&#xd;
    LEFT OUTER JOIN SIEBEL.S_ORG_EXT SOE_EAM ON SOE.PAR_OU_ID = SOE_EAM.ROW_ID --EAM - NSBA&#xd;
    left outer join SIEBEL.S_ADDR_PER SAP ON SOE.PR_ADDR_ID  = SAP.ROW_ID&#xd;
    LEFT OUTER JOIN SIEBEL.S_LST_OF_VAL LOV ON SOE.CMPNY_NAME = LOV.VAL AND LOV.ACTIVE_FLG = &apos;Y&apos; AND LOV.TYPE IN (&apos;EFX_COMPANY_CODE&apos;)&#xd;
WHERE SOE.ROW_ID = &apos;#[message.inboundProperties.&apos;http.uri.params&apos;.row_id]&apos;</string>
          <org.mule.tooling.metadata.cache.DefaultMetadataCacheEntry>
            <output class="org.mule.common.metadata.DefaultMetaData">
              <payload class="org.mule.common.metadata.DefaultListMetaDataModel">
                <dataType>LIST</dataType>
                <metaDataModelPropertiesManager>
                  <properties/>
                </metaDataModelPropertiesManager>
                <model class="org.mule.common.metadata.DefaultDefinedMapMetaDataModel">
                  <dataType>MAP</dataType>
                  <metaDataModelPropertiesManager>
                    <properties/>
                  </metaDataModelPropertiesManager>
                  <fields/>
                </model>
                <isArray>false</isArray>
              </payload>
              <properties class="tree-map">
                <entry>
                  <org.mule.common.metadata.MetaDataPropertyScope>FLOW</org.mule.common.metadata.MetaDataPropertyScope>
                  <org.mule.common.metadata.MetaDataProperties>
                    <fields class="sorted-set">
                      <comparator class="org.mule.common.metadata.MetaDataProperties$MetaDataFieldComparator"/>
                    </fields>
                  </org.mule.common.metadata.MetaDataProperties>
                </entry>
                <entry>
                  <org.mule.common.metadata.MetaDataPropertyScope>INBOUND</org.mule.common.metadata.MetaDataPropertyScope>
                  <org.mule.common.metadata.MetaDataProperties>
                    <fields class="sorted-set">
                      <comparator class="org.mule.common.metadata.MetaDataProperties$MetaDataFieldComparator"/>
                    </fields>
                  </org.mule.common.metadata.MetaDataProperties>
                </entry>
                <entry>
                  <org.mule.common.metadata.MetaDataPropertyScope>OUTBOUND</org.mule.common.metadata.MetaDataPropertyScope>
                  <org.mule.common.metadata.MetaDataProperties>
                    <fields class="sorted-set">
                      <comparator class="org.mule.common.metadata.MetaDataProperties$MetaDataFieldComparator"/>
                    </fields>
                  </org.mule.common.metadata.MetaDataProperties>
                </entry>
                <entry>
                  <org.mule.common.metadata.MetaDataPropertyScope>SESSION</org.mule.common.metadata.MetaDataPropertyScope>
                  <org.mule.common.metadata.MetaDataProperties>
                    <fields class="sorted-set">
                      <comparator class="org.mule.common.metadata.MetaDataProperties$MetaDataFieldComparator"/>
                    </fields>
                  </org.mule.common.metadata.MetaDataProperties>
                </entry>
                <entry>
                  <org.mule.common.metadata.MetaDataPropertyScope>RECORD</org.mule.common.metadata.MetaDataPropertyScope>
                  <org.mule.common.metadata.MetaDataProperties>
                    <fields class="sorted-set">
                      <comparator class="org.mule.common.metadata.MetaDataProperties$MetaDataFieldComparator"/>
                    </fields>
                  </org.mule.common.metadata.MetaDataProperties>
                </entry>
              </properties>
            </output>
          </org.mule.tooling.metadata.cache.DefaultMetadataCacheEntry>
        </entry>
        <entry>
          <string>SELECT  SOE.ROW_ID AS ROW_ID,&#xd;
        SOE.AGENCY_NIBRS_IND Member_Number,&#xd;
        SOE.NAME AS Customer_Name,&#xd;
        SOE.OU_NUM AS Oracle_Account_Number,&#xd;
        SOE.CMPNY_NAME Company_Number,&#xd;
        LOV.DESC_TEXT AS Business_Unit_Name,&#xd;
        SOE.LAST_UPD,&#xd;
        SOE.LAST_UPD_BY,&#xd;
        SOE.AGENCY_INDICATOR,&#xd;
      SOE_EAM.ROW_ID AS eam_ROWID,&#xd;
        SOE_EAM.AGENCY_NIBRS_IND EAM_Member_Number,&#xd;
        SOE_EAM.NAME EAM_Name,&#xd;
        SOE_EAM.OU_NUM EAM_Oracle_Account_Number,&#xd;
        SOE.MAIN_PH_NUM,&#xd;
        SAP.ADDR_NAME,&#xd;
        SAP.ACTIVE_FLG address_active,&#xd;
        SAP.ADDR,&#xd;
        SAP.ADDR_LINE_2,&#xd;
        SAP.CITY,&#xd;
        SAP.COUNTRY,&#xd;
        SAP.STATE,&#xd;
        SAP.PROVINCE,&#xd;
        SAP.ZIPCODE&#xd;
FROM SIEBEL.S_ORG_EXT SOE  --NSBA&#xd;
    LEFT OUTER JOIN SIEBEL.S_ORG_EXT SOE_EAM ON SOE.PAR_OU_ID = SOE_EAM.ROW_ID --EAM - NSBA&#xd;
    left outer join SIEBEL.S_ADDR_PER SAP ON SOE.PR_ADDR_ID  = SAP.ROW_ID&#xd;
    LEFT OUTER JOIN SIEBEL.S_LST_OF_VAL LOV ON SOE.CMPNY_NAME = LOV.VAL AND LOV.ACTIVE_FLG = &apos;Y&apos; AND LOV.TYPE IN (&apos;EFX_COMPANY_CODE&apos;)&#xd;
WHERE SOE.ROW_ID =#[message.inboundProperties.&apos;http.query.params&apos;.row_id]</string>
          <org.mule.tooling.metadata.cache.DefaultMetadataCacheEntry>
            <output class="org.mule.common.metadata.DefaultMetaData">
              <payload class="org.mule.common.metadata.DefaultListMetaDataModel">
                <dataType>LIST</dataType>
                <metaDataModelPropertiesManager>
                  <properties/>
                </metaDataModelPropertiesManager>
                <model class="org.mule.common.metadata.DefaultDefinedMapMetaDataModel">
                  <dataType>MAP</dataType>
                  <metaDataModelPropertiesManager>
                    <properties/>
                  </metaDataModelPropertiesManager>
                  <fields/>
                </model>
                <isArray>false</isArray>
              </payload>
              <properties class="tree-map">
                <entry>
                  <org.mule.common.metadata.MetaDataPropertyScope>FLOW</org.mule.common.metadata.MetaDataPropertyScope>
                  <org.mule.common.metadata.MetaDataProperties>
                    <fields class="sorted-set">
                      <comparator class="org.mule.common.metadata.MetaDataProperties$MetaDataFieldComparator"/>
                    </fields>
                  </org.mule.common.metadata.MetaDataProperties>
                </entry>
                <entry>
                  <org.mule.common.metadata.MetaDataPropertyScope>INBOUND</org.mule.common.metadata.MetaDataPropertyScope>
                  <org.mule.common.metadata.MetaDataProperties>
                    <fields class="sorted-set">
                      <comparator class="org.mule.common.metadata.MetaDataProperties$MetaDataFieldComparator"/>
                    </fields>
                  </org.mule.common.metadata.MetaDataProperties>
                </entry>
                <entry>
                  <org.mule.common.metadata.MetaDataPropertyScope>OUTBOUND</org.mule.common.metadata.MetaDataPropertyScope>
                  <org.mule.common.metadata.MetaDataProperties>
                    <fields class="sorted-set">
                      <comparator class="org.mule.common.metadata.MetaDataProperties$MetaDataFieldComparator"/>
                    </fields>
                  </org.mule.common.metadata.MetaDataProperties>
                </entry>
                <entry>
                  <org.mule.common.metadata.MetaDataPropertyScope>SESSION</org.mule.common.metadata.MetaDataPropertyScope>
                  <org.mule.common.metadata.MetaDataProperties>
                    <fields class="sorted-set">
                      <comparator class="org.mule.common.metadata.MetaDataProperties$MetaDataFieldComparator"/>
                    </fields>
                  </org.mule.common.metadata.MetaDataProperties>
                </entry>
                <entry>
                  <org.mule.common.metadata.MetaDataPropertyScope>RECORD</org.mule.common.metadata.MetaDataPropertyScope>
                  <org.mule.common.metadata.MetaDataProperties>
                    <fields class="sorted-set">
                      <comparator class="org.mule.common.metadata.MetaDataProperties$MetaDataFieldComparator"/>
                    </fields>
                  </org.mule.common.metadata.MetaDataProperties>
                </entry>
              </properties>
            </output>
          </org.mule.tooling.metadata.cache.DefaultMetadataCacheEntry>
        </entry>
      </map>
    </entry>
  </metadataIo>
</metadata__cache__entry>