<?xml version="1.0" encoding="UTF-8"?>

<mule xmlns:mulexml="http://www.mulesoft.org/schema/mule/xml"
	xmlns:http="http://www.mulesoft.org/schema/mule/http" xmlns:dw="http://www.mulesoft.org/schema/mule/ee/dw"
	xmlns:db="http://www.mulesoft.org/schema/mule/db" xmlns:metadata="http://www.mulesoft.org/schema/mule/metadata"
	xmlns:context="http://www.springframework.org/schema/context"
	xmlns:tracking="http://www.mulesoft.org/schema/mule/ee/tracking"
	xmlns:json="http://www.mulesoft.org/schema/mule/json" xmlns="http://www.mulesoft.org/schema/mule/core"
	xmlns:doc="http://www.mulesoft.org/schema/mule/documentation"
	xmlns:spring="http://www.springframework.org/schema/beans" xmlns:xsi="http://www.w3.org/2001/XMLSchema-instance"
	xsi:schemaLocation="http://www.springframework.org/schema/context http://www.springframework.org/schema/context/spring-context-current.xsd
http://www.mulesoft.org/schema/mule/json http://www.mulesoft.org/schema/mule/json/current/mule-json.xsd
http://www.springframework.org/schema/beans http://www.springframework.org/schema/beans/spring-beans-current.xsd
http://www.mulesoft.org/schema/mule/core http://www.mulesoft.org/schema/mule/core/current/mule.xsd
http://www.mulesoft.org/schema/mule/ee/tracking http://www.mulesoft.org/schema/mule/ee/tracking/current/mule-tracking-ee.xsd
http://www.mulesoft.org/schema/mule/db http://www.mulesoft.org/schema/mule/db/current/mule-db.xsd
http://www.mulesoft.org/schema/mule/ee/dw http://www.mulesoft.org/schema/mule/ee/dw/current/dw.xsd
http://www.mulesoft.org/schema/mule/http http://www.mulesoft.org/schema/mule/http/current/mule-http.xsd
http://www.mulesoft.org/schema/mule/xml http://www.mulesoft.org/schema/mule/xml/current/mule-xml.xsd">
		
		<flow name="get:/search:equifax_gcp_ofp_customer_api-config">
        <logger level="INFO" doc:name="Logger"/>
        <db:select config-ref="Oracle_Configuration_CDHDEV" doc:name="Fetch Data from CDH">
            <db:dynamic-query><![CDATA[SELECT  SOE.ROW_ID AS ROW_ID,
 --       SOE.CHANNEL_TYPE ,
        SOE.AGENCY_NIBRS_IND Member_Number,
        SOE.NAME AS Customer_Name,
        SOE.OU_NUM AS Oracle_Account_Number,
        SOE.CMPNY_NAME Company_Number,
        SAP.ADDR,
        SAP.ADDR_LINE_2,
        SAP.CITY,
        SAP.COUNTRY,
        SAP.STATE,
        SAP.PROVINCE,
        SAP.ZIPCODE
FROM SIEBEL.S_ORG_EXT SOE  --NSBA
    left outer join SIEBEL.S_ADDR_PER SAP ON SOE.PR_ADDR_ID  = SAP.ROW_ID
where SOE.CMPNY_NAME in ('0030','0027','0095','0075','0070') AND
SOE.NAME like '%#[message.inboundProperties.'http.query.params'.Name]%' 
AND
SOE.AGENCY_NIBRS_IND  IS NULL AND
SOE.CMPNY_NAME like '%#[message.inboundProperties.'http.query.params'.Company_Number]%'  AND
 SOE.OU_NUM like '%#[message.inboundProperties.'http.query.params'.Oracle_Account_Number]%']]></db:dynamic-query>

        </db:select>


        <dw:transform-message doc:name="Transform Message">
            <dw:set-payload><![CDATA[%dw 1.0
%output application/java
---
payload]]></dw:set-payload>
        </dw:transform-message>
        <logger message="'#[&quot;%&quot;+message.inboundProperties.'http.query.params'.Name+&quot;%&quot;]'" level="INFO" doc:name="Logger"/>
        <exception-strategy ref="global-exception-handlerChoice_Exception_Strategy" doc:name="Reference Exception Strategy"/>

    </flow>
    <flow name="get:/{row_id}:equifax_gcp_ofp_customer_api-config">

        <flow-ref name="GetDatafromCMS" doc:name="GetDatafromCMS"/>
        <logger level="INFO" doc:name="Logger"/>

        <dw:transform-message doc:name="Transform Customer Details to JSON">
            <dw:set-payload><![CDATA[%dw 1.0
%output application/json
---
{
	account_status: payload.account_status,
	address: {
		addr_line_1: payload.addr_line_1,
		addr_line_2: payload.addr_line_2,
		city: payload.city,
		country: payload.country,
		province: payload.province,
		state: payload.state,
		zipcode: payload.zipcode
	},
	business_unit: payload.business_unit,
	customer_name: payload.customer_name,
	eam_name: payload.eam_name,
	eam_number: payload.eam_number,
	efx_company_number: payload.efx_company_number,
	efx_sales_rep: payload.efx_sales_rep,
	high_family_name: payload.high_family_name,
	high_family_number: payload.high_family_number,
	last_updated_by: payload.last_updated_by,
	low_family_number: payload.low_family_number,
	main_fax: payload.main_fax,
	main_phone: payload.main_phone,
	mdr_account: payload.mdr_account,
	member_number: payload.member_number,
	oracle_account_number: payload.oracle_account_number,
	row_id: payload.row_id,
	sales_vertical: payload.sales_vertical
}]]></dw:set-payload>
        </dw:transform-message>
        <logger level="INFO" doc:name="Logger"/>
    </flow>

    
 <!--    <sub-flow name="GetDataFromCDH">
        <db:select config-ref="Oracle_Configuration_CDHDEV" doc:name="Database">
            <db:parameterized-query><![CDATA[SELECT  SOE.ROW_ID AS ROW_ID, 
      SOE.CHANNEL_TYPE ,
        SOE.AGENCY_NIBRS_IND Member_Number,
        SOE.NAME AS Customer_Name,
        SOE.OU_NUM AS Oracle_Account_Number,
        SOE.CMPNY_NAME Company_Number,
        SAP.ADDR, 
        SAP.ADDR_LINE_2, 
        SAP.CITY, 
        SAP.COUNTRY, 
        SAP.STATE, 
        SAP.PROVINCE,
        SAP.ZIPCODE
FROM SIEBEL.S_ORG_EXT SOE  NSBA
    left outer join SIEBEL.S_ADDR_PER SAP ON SOE.PR_ADDR_ID  = SAP.ROW_ID
where SOE.CMPNY_NAME in ('0030','0027','0095','0075','0070')]]></db:parameterized-query>


        </db:select>
    </sub-flow>
 -->
    <sub-flow name="GetDatafromCMS">
        <logger message="#[message.inboundProperties.'http.uri.params'.row_id]" level="INFO" doc:name="Logger"/>
        <db:select config-ref="Oracle_Configuration_CMSDEV" doc:name="Database">
            <db:dynamic-query><![CDATA[SELECT  SOE.ROW_ID AS ROW_ID,
        SOE.AGENCY_NIBRS_IND Member_Number,
        SOE.NAME AS Customer_Name,
        SOE.OU_NUM AS Oracle_Account_Number,
        SOE.CMPNY_NAME Company_Number,
        LOV.DESC_TEXT AS Business_Unit_Name,
        SOE.LAST_UPD,
        SOE.LAST_UPD_BY,
        SOE.AGENCY_INDICATOR,
      SOE_EAM.ROW_ID AS eam_ROWID,
        SOE_EAM.AGENCY_NIBRS_IND EAM_Member_Number,
        SOE_EAM.NAME EAM_Name,
        SOE_EAM.OU_NUM EAM_Oracle_Account_Number,
        SOE.MAIN_PH_NUM,
        SAP.ADDR_NAME,
        SAP.ACTIVE_FLG address_active,
        SAP.ADDR,
        SAP.ADDR_LINE_2,
        SAP.CITY,
        SAP.COUNTRY,
        SAP.STATE,
        SAP.PROVINCE,
        SAP.ZIPCODE
FROM SIEBEL.S_ORG_EXT SOE  --NSBA
    LEFT OUTER JOIN SIEBEL.S_ORG_EXT SOE_EAM ON SOE.PAR_OU_ID = SOE_EAM.ROW_ID --EAM - NSBA
    left outer join SIEBEL.S_ADDR_PER SAP ON SOE.PR_ADDR_ID  = SAP.ROW_ID
    LEFT OUTER JOIN SIEBEL.S_LST_OF_VAL LOV ON SOE.CMPNY_NAME = LOV.VAL AND LOV.ACTIVE_FLG = 'Y' AND LOV.TYPE IN ('EFX_COMPANY_CODE')
WHERE SOE.ROW_ID = '#[message.inboundProperties.'http.uri.params'.row_id]']]></db:dynamic-query>
        </db:select>

        </sub-flow>
	</mule>