<?xml version="1.0" encoding="UTF-8"?>
<mule xmlns="http://www.mulesoft.org/schema/mule/core" xmlns:apikit="http://www.mulesoft.org/schema/mule/apikit" xmlns:db="http://www.mulesoft.org/schema/mule/db" xmlns:doc="http://www.mulesoft.org/schema/mule/documentation" xmlns:dw="http://www.mulesoft.org/schema/mule/ee/dw" xmlns:http="http://www.mulesoft.org/schema/mule/http" xmlns:json="http://www.mulesoft.org/schema/mule/json" xmlns:spring="http://www.springframework.org/schema/beans" xmlns:xsi="http://www.w3.org/2001/XMLSchema-instance" xsi:schemaLocation="http://www.mulesoft.org/schema/mule/core http://www.mulesoft.org/schema/mule/core/current/mule.xsd
http://www.mulesoft.org/schema/mule/http http://www.mulesoft.org/schema/mule/http/current/mule-http.xsd
http://www.mulesoft.org/schema/mule/apikit http://www.mulesoft.org/schema/mule/apikit/current/mule-apikit.xsd
http://www.springframework.org/schema/beans http://www.springframework.org/schema/beans/spring-beans-3.1.xsd
http://www.mulesoft.org/schema/mule/db http://www.mulesoft.org/schema/mule/db/current/mule-db.xsd
http://www.mulesoft.org/schema/mule/json http://www.mulesoft.org/schema/mule/json/current/mule-json.xsd
http://www.mulesoft.org/schema/mule/ee/dw http://www.mulesoft.org/schema/mule/ee/dw/current/dw.xsd">
    <http:listener-config name="sys-oa-security-httpListenerConfig" host="${sys.oa.host}" port="${sys.oa.port}" doc:name="HTTP Listener Configuration" />
    <db:generic-config name="Database_Configuration_AccountMgmt" url="jdbc:sqlserver://${mssql.accountmgmt.server}:${mssql.accountmgmt.port};databaseName=${mssql.accountmgmt.database};user=${db.accountmgmt.id};password=${db.accountmgmt.pwd}" driverClassName="com.microsoft.sqlserver.jdbc.SQLServerDriver" doc:name="Generic Database Configuration" />
    <apikit:config name="sys-oa-security-config" raml="sys-oa-security.raml" consoleEnabled="false" doc:name="Router" />
    <flow name="sys-oa-security-main">
        <http:listener config-ref="sys-oa-security-httpListenerConfig" path="/api/*" doc:name="HTTP" />
        <apikit:router config-ref="sys-oa-security-config" doc:name="APIkit Router" />
        <exception-strategy ref="sys-oa-security-apiKitGlobalExceptionMapping" doc:name="Reference Exception Strategy" />
    </flow>
    <flow name="sys-oa-security-console">
        <http:listener config-ref="sys-oa-security-httpListenerConfig" path="/console/*" doc:name="HTTP" />
        <apikit:console config-ref="sys-oa-security-config" doc:name="APIkit Console" />
    </flow>
    <flow name="post:/security/PINStatus:sys-oa-security-config">
        <byte-array-to-string-transformer doc:name="Byte Array to String" />
        <message-properties-transformer scope="invocation" doc:name="Default Logging Message Properties">
            <add-message-property key="logPrefix" value="#['* ValidationSystemService (MESSAGEID: ' + message.id +') (ID: ' + flowVars.requestCount + ') *']" />
            <add-message-property key="serviceName" value="Experence_Registration_Service" />
            <add-message-property key="requestCount" value="#[function:count]" />
            <add-message-property key="requestSize" value="#[message.inboundProperties['Content-Length']]" />
            <add-message-property key="requestTimestamp" value="#[server.dateTime.format('MM/dd/yyyy HH:mm:ss.SSS')]" />
            <add-message-property key="responseSize" value="#[message.inboundProperties['Content-Length']]" />
        </message-properties-transformer>
        <logger message="#[flowVars.logPrefix + '  Request arrived from ExperenceRegistrationService..  Calling Database with ' + message.inboundProperties.'content-type' + ' package content.']" level="INFO" doc:name="Logger" />
        <logger message="#[flowVars.logPrefix + '  Request characters: ' + message.inboundProperties.'Content-Length']" level="INFO" doc:name="Logger" />
        <set-variable variableName="requestContentType" value="#[message.inboundProperties.'content-type']" doc:name="Preserve Request ContentType" />
        <json:json-to-object-transformer returnClass="java.lang.Object" doc:name="JSON to Object" />
        <!--        <logger message="Payload = #[payload.ssn]" level="INFO" doc:name="Logger"/> -->
        <logger message="#[flowVars.logPrefix + '  Response characters: ' + flowVars.responseSize]" level="INFO" doc:name="Logger" />
        <db:select config-ref="Database_Configuration_AccountMgmt" doc:name="Database" maxRows="1">
            <db:parameterized-query><![CDATA[SELECT NAMEID, PIN_EXPRTN_DT,PIN_LOCKED_IND,PIN_EXPIRED_IND,PARTY_PIN_EXIST 
FROM secur.PARTY_PIN_STATUS_VW 
WHERE NAMEID=#[payload.ssn]]]></db:parameterized-query>
        </db:select>
        <logger message="#[payload]" level="INFO" doc:name="Logger" />
        <logger message="#[flowVars.logPrefix + '  Received response from Database call']" level="INFO" doc:name="Logger" />
        <dw:transform-message doc:name="Transform Message">
            <dw:set-payload resource="classpath:DWL/transformPINStatus.dwl" />
        </dw:transform-message>

        <logger message="#[flowVars.logPrefix + '  Response sent to ExperenceRegistrationService.']" level="INFO" doc:name="Logger" />
    </flow>
    <flow name="post:/security/validatePIN:sys-oa-security-config">
        <byte-array-to-string-transformer doc:name="Byte Array to String" />
        <message-properties-transformer scope="invocation" doc:name="Default Logging Message Properties">
            <add-message-property key="logPrefix" value="#['* ValidationSystemService (MESSAGEID: ' + message.id +') (ID: ' + flowVars.requestCount + ') *']" />
            <add-message-property key="serviceName" value="Experence_Registration_Service" />
            <add-message-property key="requestCount" value="#[function:count]" />
            <add-message-property key="requestSize" value="#[message.inboundProperties['Content-Length']]" />
            <add-message-property key="requestTimestamp" value="#[server.dateTime.format('MM/dd/yyyy HH:mm:ss.SSS')]" />
            <add-message-property key="responseSize" value="#[message.inboundProperties['Content-Length']]" />
        </message-properties-transformer>
        <logger message="#[flowVars.logPrefix + '  Request arrived from ExperenceRegistrationService..  Calling Database with ' + message.inboundProperties.'content-type' + ' package content.']" level="INFO" doc:name="Logger" />
        <logger message="#[flowVars.logPrefix + '  Request characters: ' + message.inboundProperties.'Content-Length']" level="INFO" doc:name="Logger" />
        <set-variable variableName="requestContentType" value="#[message.inboundProperties.'content-type']" doc:name="Preserve Request ContentType" />
        <json:json-to-object-transformer returnClass="java.util.HashMap" doc:name="JSON to Object" mimeType="application/json" />
        <logger message="#[payload.ssn];  #[payload.pin]" level="INFO" doc:name="Logger" />
        <db:stored-procedure config-ref="Database_Configuration_AccountMgmt" doc:name="Database">
            <db:parameterized-query><![CDATA[{CALL secur.eSP_Maintain_Party_Pin(:NAMEID,:NAMEID_TYP_CD,:ACTIONIND,:PARTY_PIN_VAL,:VALID_PIN_IND,:PIN_LOCKED_IND,:RET_CODE,:RETURN_MESSAGE)}]]></db:parameterized-query>
            <db:in-param name="NAMEID" type="VARCHAR" value="#[payload.ssn]" />
            <db:in-param name="NAMEID_TYP_CD" type="VARCHAR" value="SSN" />
            <db:in-param name="ACTIONIND" type="CHAR" value="V" />
            <db:inout-param name="PARTY_PIN_VAL" type="VARCHAR" value="#[payload.pin]" />
            <db:out-param name="VALID_PIN_IND" type="CHAR" />
            <db:out-param name="PIN_LOCKED_IND" type="CHAR" />
            <db:out-param name="RET_CODE" type="INTEGER" />
            <db:out-param name="RETURN_MESSAGE" type="VARCHAR" />
        </db:stored-procedure>
        <logger message="#[flowVars.logPrefix + '  Received response from Database call']" level="INFO" doc:name="Logger" />

        <logger message="#[flowVars.logPrefix + '  Response characters: ' + flowVars.responseSize]" level="INFO" doc:name="Logger" />
        <dw:transform-message doc:name="Transform Message">
            <dw:set-payload resource="classpath:DWL/transformValidatePIN.dwl" />
        </dw:transform-message>
        <logger message="#[flowVars.logPrefix + '  Response sent to ExperenceRegistrationService.']" level="INFO" doc:name="Logger" />
    </flow>
    <flow name="post:/security/passwordValidate:sys-oa-security-config">
        <byte-array-to-string-transformer doc:name="Byte Array to String"/>
        <component class="com.oneamerica.mule.security.DirectoryAccess" doc:name="Java"/>
        <set-payload value="{&quot;&quot;}" doc:name="Set Payload"/>
    </flow>
</mule>
