   {
   	"$schema": "http://json-schema.org/draft-03/schema",
   	"description": "CustomerList Schema",
   	"type": "object",

   	"definitions": {
   		"address": {
   			"type": "object",
   			"properties": {
   				"addr_line_1": {
   					"type": "string"
   				},
   				"addr_line_2": {
   					"type": "string"
   				},
   				"city": {
   					"type": "string"
   				},
   				"country": {
   					"type": "string"
   				},
   				"state": {
   					"type": "string"
   				},
   				"province": {
   					"type": "string"
   				},
   				"zipcode": {
   					"type": "string"
   				}
   			}
   		}
   	},

   	"properties": {
   		"row_id": {
   			"type": "string"
   		},
   		"customer_name": {
   			"type": "string"
   		},
   		"member_number": {
   			"type": "string"
   		},
   		"oracle_account_number": {
   			"type": "number"
   		},
   		"efx_company_number": {
   			"type": "number"
   		},
   		"address": {
   			"#ref": "#/definitions/address"
   		}
   	}
   }