<?xml version="1.0" encoding="UTF-8"?>
<mule xmlns:doc="http://www.mulesoft.org/schema/mule/documentation" xmlns="http://www.mulesoft.org/schema/mule/core" xmlns:apikit="http://www.mulesoft.org/schema/mule/apikit" xmlns:http="http://www.mulesoft.org/schema/mule/http" xmlns:spring="http://www.springframework.org/schema/beans" xmlns:xsi="http://www.w3.org/2001/XMLSchema-instance" xsi:schemaLocation="http://www.mulesoft.org/schema/mule/core http://www.mulesoft.org/schema/mule/core/current/mule.xsd
http://www.mulesoft.org/schema/mule/http http://www.mulesoft.org/schema/mule/http/current/mule-http.xsd
http://www.mulesoft.org/schema/mule/apikit http://www.mulesoft.org/schema/mule/apikit/current/mule-apikit.xsd
http://www.springframework.org/schema/beans http://www.springframework.org/schema/beans/spring-beans-3.1.xsd">
    <http:listener-config name="financialservices-locations-httpListenerConfig" host="0.0.0.0" port="8081" doc:name="HTTP Listener Configuration"/>
    <apikit:config name="financialservices-locations-config" raml="financialservices-locations.raml" consoleEnabled="false" doc:name="Router"/>
    <flow name="financialservices-locations-main">
        <http:listener config-ref="financialservices-locations-httpListenerConfig" path="/api/*" doc:name="HTTP"/>
        <apikit:router config-ref="financialservices-locations-config" doc:name="APIkit Router"/>
        <exception-strategy ref="financialservices-locations-apiKitGlobalExceptionMapping" doc:name="Reference Exception Strategy"/>
    </flow>
    <flow name="financialservices-locations-console">
        <http:listener config-ref="financialservices-locations-httpListenerConfig" path="/console/*" doc:name="HTTP"/>
        <apikit:console config-ref="financialservices-locations-config" doc:name="APIkit Console"/>
    </flow>
    <flow name="get:/atms:financialservices-locations-config">
        <set-payload value="[&#xA;  {&#xA;    &quot;name&quot;: &quot;Near Union Square&quot;,&#xA;    &quot;address&quot;: {&#xA;      &quot;street&quot;: [&#xA;        &quot;77 Geary Street&quot;,&#xA;        &quot;Suite 400&quot;&#xA;      ],&#xA;      &quot;city&quot;: &quot;San Francisco&quot;,&#xA;      &quot;postal_code&quot;: 94108,&#xA;      &quot;state&quot;: &quot;CA&quot;,&#xA;      &quot;country&quot;: &quot;USA&quot;,&#xA;      &quot;formatted&quot;: &quot;77 Geary Street, Suite 400, San Francisco, CA 94108, USA&quot;&#xA;    },&#xA;    &quot;location&quot;: {&#xA;      &quot;lat&quot;: 37.7875712,&#xA;      &quot;lng&quot;: -122.406909&#xA;    },&#xA;    &quot;operational&quot;: true,&#xA;    &quot;wheelchair&quot;: true  &#xA;  }&#xA;]" doc:name="Set Payload"/>
    </flow>
    <flow name="get:/branches:financialservices-locations-config">
        <set-payload value="[&#xA;  {&#xA;    &quot;name&quot;: &quot;Near Union Square&quot;,&#xA;    &quot;address&quot;: {&#xA;      &quot;street&quot;: [&#xA;        &quot;77 Geary Street&quot;,&#xA;        &quot;Suite 400&quot;&#xA;      ],&#xA;      &quot;city&quot;: &quot;San Francisco&quot;,&#xA;      &quot;postal_code&quot;: 94108,&#xA;      &quot;state&quot;: &quot;CA&quot;,&#xA;      &quot;country&quot;: &quot;USA&quot;,&#xA;      &quot;formatted&quot;: &quot;77 Geary Street, Suite 400, San Francisco, CA 94108, USA&quot;&#xA;    },&#xA;    &quot;location&quot;: {&#xA;      &quot;lat&quot;: 37.7875712,&#xA;      &quot;lng&quot;: -122.406909&#xA;    },&#xA;    &quot;open_at&quot;: [&#xA;      {&#xA;        &quot;day_of_week&quot;: [&#xA;          &quot;Monday&quot;, &#xA;          &quot;Tuesday&quot;, &#xA;          &quot;Wednesday&quot;, &#xA;          &quot;Thursday&quot;, &#xA;          &quot;Friday&quot;&#xA;        ],&#xA;        &quot;start&quot;: &quot;08:00:00&quot;,&#xA;        &quot;end&quot;: &quot;18:00:00&quot;&#xA;      }&#xA;    ],&#xA;    &quot;wheelchair&quot;: true,&#xA;    &quot;phone&quot;: &quot;555-12345&quot;&#xA;  }&#xA;]" doc:name="Set Payload"/>
    </flow>
    <apikit:mapping-exception-strategy name="financialservices-locations-apiKitGlobalExceptionMapping">
        <apikit:mapping statusCode="404">
            <apikit:exception value="org.mule.module.apikit.exception.NotFoundException" />
            <set-property propertyName="Content-Type" value="application/json" doc:name="Property"/>
            <set-payload value="{ &quot;message&quot;: &quot;Resource not found&quot; }" doc:name="Set Payload"/>
        </apikit:mapping>
        <apikit:mapping statusCode="405">
            <apikit:exception value="org.mule.module.apikit.exception.MethodNotAllowedException" />
            <set-property propertyName="Content-Type" value="application/json" doc:name="Property"/>
            <set-payload value="{ &quot;message&quot;: &quot;Method not allowed&quot; }" doc:name="Set Payload"/>
        </apikit:mapping>
        <apikit:mapping statusCode="415">
            <apikit:exception value="org.mule.module.apikit.exception.UnsupportedMediaTypeException" />
            <set-property propertyName="Content-Type" value="application/json" doc:name="Property"/>
            <set-payload value="{ &quot;message&quot;: &quot;Unsupported media type&quot; }" doc:name="Set Payload"/>
        </apikit:mapping>
        <apikit:mapping statusCode="406">
            <apikit:exception value="org.mule.module.apikit.exception.NotAcceptableException" />
            <set-property propertyName="Content-Type" value="application/json" doc:name="Property"/>
            <set-payload value="{ &quot;message&quot;: &quot;Not acceptable&quot; }" doc:name="Set Payload"/>
        </apikit:mapping>
        <apikit:mapping statusCode="400">
            <apikit:exception value="org.mule.module.apikit.exception.BadRequestException" />
            <set-property propertyName="Content-Type" value="application/json" doc:name="Property"/>
            <set-payload value="{ &quot;message&quot;: &quot;Bad request&quot; }" doc:name="Set Payload"/>
        </apikit:mapping>
    </apikit:mapping-exception-strategy>
</mule>
