<?xml version="1.0" encoding="UTF-8"?>

<mule xmlns:dw="http://www.mulesoft.org/schema/mule/ee/dw"
	xmlns:vm="http://www.mulesoft.org/schema/mule/vm" xmlns:jms="http://www.mulesoft.org/schema/mule/jms" xmlns:tracking="http://www.mulesoft.org/schema/mule/ee/tracking" xmlns:anypoint-mq="http://www.mulesoft.org/schema/mule/anypoint-mq" xmlns="http://www.mulesoft.org/schema/mule/core" xmlns:doc="http://www.mulesoft.org/schema/mule/documentation"
	xmlns:spring="http://www.springframework.org/schema/beans" 
	xmlns:xsi="http://www.w3.org/2001/XMLSchema-instance"
	xsi:schemaLocation="
http://www.mulesoft.org/schema/mule/ee/dw http://www.mulesoft.org/schema/mule/ee/dw/current/dw.xsd http://www.springframework.org/schema/beans http://www.springframework.org/schema/beans/spring-beans-current.xsd
http://www.mulesoft.org/schema/mule/core http://www.mulesoft.org/schema/mule/core/current/mule.xsd
http://www.mulesoft.org/schema/mule/ee/tracking http://www.mulesoft.org/schema/mule/ee/tracking/current/mule-tracking-ee.xsd
http://www.mulesoft.org/schema/mule/anypoint-mq http://www.mulesoft.org/schema/mule/anypoint-mq/current/mule-anypoint-mq.xsd
http://www.mulesoft.org/schema/mule/jms http://www.mulesoft.org/schema/mule/jms/current/mule-jms.xsd
http://www.mulesoft.org/schema/mule/vm http://www.mulesoft.org/schema/mule/vm/current/mule-vm.xsd">
   <sub-flow name="exception-routesSub_Flow">
        <logger message="Exception type: #[flowVars.exceptionClass]" level="ERROR" doc:name="Log Error to Console"/>
        <logger message="Application Name : #[app.name],  Service Name : #[flow.name], URL :#[message.inboundProperties.host]#[message.inboundProperties.'http.request.uri'], Request Type : #[message.inboundProperties.'http.method'], Current Timestamp : #[server.dateTime], Payload : #[payload], , Exception Message : #[flowVars.exceptionMessage]" level="INFO" doc:name="Logger"/>
        <copy-properties propertyName="*" doc:name="Copy Header Properties"/>
        <message-properties-transformer doc:name="Add to Header Properties">
            <add-message-property key="EXCEPTION_MESSAGE" value="#[flowVars.exceptionObject.message]"/>
            <delete-message-property key="Content-Type"/>
        </message-properties-transformer>
        <flow-ref name="exception-responseSub_Flow" doc:name="Flow Reference"/>
    </sub-flow>
    <sub-flow name="exception-responseSub_Flow">
        <logger message="Exception Cause:#[flowVars.exceptionObject]+Exception Message:#[flowVars.exceptionMessage]" level="INFO" doc:name="Logger"/>
        <dw:transform-message doc:name="Exception response">
				<dw:set-payload><![CDATA[%dw 1.0
			%output application/json
			---
			{
			  "errorInfo": {
			    "transactionId": flowVars.transactionId,
			    "returnCode": flowVars.errorStatusCode,
			    "returnReason": flowVars.exceptionMessage
			  }
			}]]></dw:set-payload>
			</dw:transform-message>
    </sub-flow>
</mule>
