<?xml version="1.0" encoding="UTF-8"?>
<mule xmlns:tracking="http://www.mulesoft.org/schema/mule/ee/tracking"
	xmlns:validation="http://www.mulesoft.org/schema/mule/validation"
	xmlns:dw="http://www.mulesoft.org/schema/mule/ee/dw" xmlns:doc="http://www.mulesoft.org/schema/mule/documentation"
	xmlns="http://www.mulesoft.org/schema/mule/core" xmlns:apikit="http://www.mulesoft.org/schema/mule/apikit"
	xmlns:http="http://www.mulesoft.org/schema/mule/http" xmlns:spring="http://www.springframework.org/schema/beans"
	xmlns:xsi="http://www.w3.org/2001/XMLSchema-instance"
	xsi:schemaLocation="http://www.mulesoft.org/schema/mule/core http://www.mulesoft.org/schema/mule/core/current/mule.xsd
http://www.mulesoft.org/schema/mule/http http://www.mulesoft.org/schema/mule/http/current/mule-http.xsd
http://www.mulesoft.org/schema/mule/apikit http://www.mulesoft.org/schema/mule/apikit/current/mule-apikit.xsd
http://www.springframework.org/schema/beans http://www.springframework.org/schema/beans/spring-beans-3.1.xsd
http://www.mulesoft.org/schema/mule/ee/dw http://www.mulesoft.org/schema/mule/ee/dw/current/dw.xsd
http://www.mulesoft.org/schema/mule/validation http://www.mulesoft.org/schema/mule/validation/current/mule-validation.xsd
http://www.mulesoft.org/schema/mule/ee/tracking http://www.mulesoft.org/schema/mule/ee/tracking/current/mule-tracking-ee.xsd">
	<http:listener-config name="exp-oa-registration-httpListenerConfig"
		host="${exp.oa.host}" port="${exp.oa.port}" doc:name="HTTP Listener Configuration" />
	<apikit:config name="exp-oa-registration-config" raml="exp-oa-registration.raml"
		consoleEnabled="false" doc:name="Router" />
	<http:request-config name="SecurityAPI_HTTP_Request_Configuration"
		host="${oa.security.host}" port="${oa.security.port}" doc:name="HTTP Request Configuration" />
	<validation:config name="Validation_Configuration"
		doc:name="Validation Configuration" />
	<flow name="exp-oa-registration-main">
		<http:listener config-ref="exp-oa-registration-httpListenerConfig"
			path="/api/*" doc:name="HTTP" />
		<apikit:router config-ref="exp-oa-registration-config"
			doc:name="APIkit Router" />
		<exception-strategy ref="exp-oa-registration-apiKitGlobalExceptionMapping"
			doc:name="Reference Exception Strategy" />
	</flow>
	<flow name="exp-oa-registration-console">
		<http:listener config-ref="exp-oa-registration-httpListenerConfig"
			path="/console/*" doc:name="HTTP" />
		<apikit:console config-ref="exp-oa-registration-config"
			doc:name="APIkit Console" />
	</flow>
	<flow name="post:/registration/enablePIN:exp-oa-registration-config">
		<byte-array-to-string-transformer
			doc:name="Byte Array to String" />
		<message-properties-transformer scope="invocation"
			doc:name="Default Logging Message Properties">
			<add-message-property key="logPrefix"
				value="#['* ExperenceRegistrationService (MESSAGEID: ' + message.id +') (ID: ' + flowVars.requestCount + ') *']" />
			<add-message-property key="serviceName"
				value="Experence_Registration_Service" />
			<add-message-property key="requestCount" value="#[function:count]" />
			<add-message-property key="requestSize"
				value="#[message.inboundProperties['Content-Length']]" />
			<add-message-property key="requestTimestamp"
				value="#[server.dateTime.format('MM/dd/yyyy HH:mm:ss.SSS')]" />
            <add-message-property key="responseSize" value="#[message.inboundProperties['Content-Length']]"/>
		</message-properties-transformer>
		<logger
			message="#[flowVars.logPrefix + '  Request arrived from client.  Calling ExperenceRegistrationService with ' + message.inboundProperties.'content-type' + ' package content.']"
			level="INFO" doc:name="Logger" />
		<logger
			message="#[flowVars.logPrefix + '  Request characters: ' + message.inboundProperties.'Content-Length']"
			level="INFO" doc:name="Logger" />
		<set-variable variableName="requestContentType"
			value="#[message.inboundProperties.'content-type']" doc:name="Preserve Request ContentType" />
		<logger
			message="#[flowVars.logPrefix + '  Sending request to ValidationSystem service']"
			level="INFO" doc:name="Logger" />
		<http:request config-ref="SecurityAPI_HTTP_Request_Configuration"
			path="/api/security/PINStatus" method="POST" doc:name="SecurityAPI_HTTP_Request">
			<http:request-builder>
                <http:header headerName="Content-Type" value="application/json"/>
                <http:header headerName="client_id" value="${system.client_id}"/>
                <http:header headerName="client_secret" value="${system.client_secret}"/>

			</http:request-builder>

		</http:request>
		<byte-array-to-object-transformer
			returnClass="java.lang.Object" doc:name="Byte Array to Object" />
		<logger
			message="#[flowVars.logPrefix + '  Received response from ValidationSystem service']"
			level="INFO" doc:name="Logger" />
<!-- 		<logger message="#[json:pinAvailable];#[json:pinLocked];#[json:pinExpired]" -->
<!-- 			level="INFO" doc:name="Logger" /> -->
        <logger message="#[flowVars.logPrefix + '  Response characters: ' + flowVars.responseSize]" level="INFO" doc:name="Logger"/>

		<!-- <set-variable doc:name="Variable" value="#[payload.pinAvailable]" 
			variableName="pinAvailable"/> <set-variable doc:name="Variable" value="#[payload.pinLocked]" 
			variableName="pinLocked"/> <set-variable doc:name="Variable" value="#[payload.pinExpired]" 
			variableName="pinExpired"/> -->
		<dw:transform-message doc:name="Transform Message">
			<dw:set-payload resource="classpath:DWL/transformPINStatus.dwl" />
			<dw:set-property propertyName="http.status"
				resource="classpath:DWL/propertyPINStatus.dwl" />
		</dw:transform-message>
		<logger message="#[flowVars.logPrefix + '  Response sent to client.']"
			level="INFO" doc:name="Logger" />
		<exception-strategy ref="flowError-HandlingChoice_Exception_Strategy"
			doc:name="Reference Exception Strategy" />

	</flow>
	<flow name="post:/registration/validatePIN:exp-oa-registration-config">
		<byte-array-to-string-transformer
			doc:name="Byte Array to String" />
		<message-properties-transformer scope="invocation"
			doc:name="Default Logging Message Properties">
			<add-message-property key="logPrefix"
				value="#['* ExperenceRegistrationService (MESSAGEID: ' + message.id +') (ID: ' + flowVars.requestCount + ') *']" />
			<add-message-property key="serviceName"
				value="Experence_Registration_Service" />
			<add-message-property key="requestCount" value="#[function:count]" />
			<add-message-property key="requestSize"
				value="#[message.inboundProperties['Content-Length']]" />
			<add-message-property key="requestTimestamp"
				value="#[server.dateTime.format('MM/dd/yyyy HH:mm:ss.SSS')]" />
            <add-message-property key="responseSize" value="#[message.inboundProperties['Content-Length']]"/>
		</message-properties-transformer>
		<logger
			message="#[flowVars.logPrefix + '  Request arrived from client.  Calling ExperenceRegistrationService with ' + message.inboundProperties.'content-type' + ' package content.']"
			level="INFO" doc:name="Logger" />
		<logger
			message="#[flowVars.logPrefix + '  Request characters: ' + message.inboundProperties.'Content-Length']"
			level="INFO" doc:name="Logger" />
		<set-variable variableName="requestContentType"
			value="#[message.inboundProperties.'content-type']" doc:name="Preserve Request ContentType" />
		<logger
			message="#[flowVars.logPrefix + '  Sending request to ValidationSystem service']"
			level="INFO" doc:name="Logger" />

		<http:request config-ref="SecurityAPI_HTTP_Request_Configuration"
			path="/api/security/validatePIN" method="POST" doc:name="SecurityAPI_HTTP_Request" >
            <http:request-builder>
                <http:header headerName="Content-Type" value="application/json"/>
                <http:header headerName="client_id" value="${system.client_id}"/>
                <http:header headerName="client_secret" value="${system.client_secret}"/>
            </http:request-builder>
            <http:success-status-code-validator values="200..599"/>
        </http:request>
		<byte-array-to-object-transformer
			doc:name="Byte Array to Object" mimeType="application/json"
			returnClass="java.lang.String" />
		<logger
			message="#[flowVars.logPrefix + '  Received response from ValidationSystem service' ] "
			level="INFO" doc:name="Logger" />
        <logger message="#[flowVars.logPrefix + '  Response characters: ' + flowVars.responseSize]" level="INFO" doc:name="Logger"/>
		<dw:transform-message doc:name="Transform Message">
			<dw:set-payload><![CDATA[%dw 1.0
%output application/java
---
payload]]></dw:set-payload>
		</dw:transform-message>
		<logger message="#[flowVars.logPrefix + '  Response sent to client.']"
			level="INFO" doc:name="Logger" />
		<exception-strategy ref="flowError-HandlingChoice_Exception_Strategy"
			doc:name="Reference Exception Strategy" />


	</flow>
</mule>
