<metadata__catalog__entry>
  <version>5.2.0.0</version>
  <types class="tree-map">
    <entry>
      <org.mule.common.metadata.DefaultMetaDataKey>
        <id>distribution_report</id>
        <displayName>distribution_report</displayName>
        <category>DEFAULT</category>
        <metaDataKeyPropertiesManager>
          <properties>
            <org.mule.common.metadata.key.property.dsql.DsqlFromMetaDataKeyProperty/>
          </properties>
        </metaDataKeyPropertiesManager>
      </org.mule.common.metadata.DefaultMetaDataKey>
      <org.mule.common.metadata.DefaultXmlMetaDataModel>
        <dataType>XML</dataType>
        <metaDataModelPropertiesManager>
          <properties>
            <org.mule.common.metadata.property.TextBasedExampleMetaDataModelProperty/>
            <org.mule.common.metadata.property.xml.SchemaTypeMetaDataProperty/>
            <org.mule.common.metadata.property.StructureIdentifierMetaDataModelProperty>
              <metaDataKey class="org.mule.common.metadata.DefaultMetaDataKey" reference="../../../../../org.mule.common.metadata.DefaultMetaDataKey"/>
              <derivedStructure>false</derivedStructure>
              <generatedStructure>false</generatedStructure>
            </org.mule.common.metadata.property.StructureIdentifierMetaDataModelProperty>
          </properties>
        </metaDataModelPropertiesManager>
        <fields>
          <org.mule.common.metadata.DefaultMetaDataField>
            <name>status</name>
            <model class="org.mule.common.metadata.DefaultSimpleMetaDataModel">
              <dataType>INTEGER</dataType>
              <metaDataModelPropertiesManager>
                <properties>
                  <org.mule.common.metadata.property.xml.SchemaTypeMetaDataProperty>
                    <typeQName>
                      <namespaceURI>http://www.w3.org/2001/XMLSchema</namespaceURI>
                      <localPart>int</localPart>
                      <prefix></prefix>
                    </typeQName>
                  </org.mule.common.metadata.property.xml.SchemaTypeMetaDataProperty>
                </properties>
              </metaDataModelPropertiesManager>
            </model>
            <accessType>READ_WRITE</accessType>
            <metaDataFieldPropertyManager>
              <properties>
                <org.mule.common.metadata.property.QNameMetaDataProperty>
                  <name>
                    <namespaceURI></namespaceURI>
                    <localPart>status</localPart>
                    <prefix></prefix>
                  </name>
                </org.mule.common.metadata.property.QNameMetaDataProperty>
              </properties>
            </metaDataFieldPropertyManager>
          </org.mule.common.metadata.DefaultMetaDataField>
          <org.mule.common.metadata.DefaultMetaDataField>
            <name>message</name>
            <model class="org.mule.common.metadata.DefaultSimpleMetaDataModel">
              <dataType>STRING</dataType>
              <metaDataModelPropertiesManager>
                <properties>
                  <org.mule.common.metadata.property.xml.SchemaTypeMetaDataProperty>
                    <typeQName>
                      <namespaceURI>http://www.w3.org/2001/XMLSchema</namespaceURI>
                      <localPart>string</localPart>
                      <prefix></prefix>
                    </typeQName>
                  </org.mule.common.metadata.property.xml.SchemaTypeMetaDataProperty>
                </properties>
              </metaDataModelPropertiesManager>
            </model>
            <accessType>READ_WRITE</accessType>
            <metaDataFieldPropertyManager>
              <properties>
                <org.mule.common.metadata.property.QNameMetaDataProperty>
                  <name>
                    <namespaceURI></namespaceURI>
                    <localPart>message</localPart>
                    <prefix></prefix>
                  </name>
                </org.mule.common.metadata.property.QNameMetaDataProperty>
              </properties>
            </metaDataFieldPropertyManager>
          </org.mule.common.metadata.DefaultMetaDataField>
        </fields>
        <rootElement>
          <namespaceURI>http://local.topdanmark.dk/DocDistribution/</namespaceURI>
          <localPart>distribution_report</localPart>
          <prefix>ns0</prefix>
        </rootElement>
        <schemas class="org.mule.common.metadata.StringBasedSchemaProvider">
          <schemas>
            <string>&lt;?xml version=&quot;1.0&quot; encoding=&quot;UTF-8&quot;?&gt;&lt;xs:schema xmlns:xs=&quot;http://www.w3.org/2001/XMLSchema&quot; xmlns:soap=&quot;http://schemas.xmlsoap.org/wsdl/soap/&quot; xmlns:tns=&quot;http://local.topdanmark.dk/DocDistribution/&quot; xmlns:wsdl=&quot;http://schemas.xmlsoap.org/wsdl/&quot; targetNamespace=&quot;http://local.topdanmark.dk/DocDistribution/&quot;&gt; &lt;xs:element name=&quot;distribution_request&quot;&gt;&#xd;
&lt;xs:complexType&gt; &lt;xs:sequence&gt;&#xd;
&lt;xs:element name=&quot;customerId&quot; type=&quot;xs:int&quot;/&gt; &lt;xs:element name=&quot;name&quot; type=&quot;xs:string&quot;/&gt; &lt;xs:element name=&quot;street_1&quot; type=&quot;xs:string&quot;/&gt; &lt;xs:element name=&quot;street_2&quot; type=&quot;xs:string&quot;/&gt; &lt;xs:element name=&quot;zipcode&quot; type=&quot;xs:int&quot;/&gt; &lt;xs:element name=&quot;city&quot; type=&quot;xs:string&quot;/&gt; &lt;xs:element name=&quot;country&quot; type=&quot;xs:string&quot;/&gt; &lt;xs:element name=&quot;policynumber&quot; type=&quot;xs:int&quot;/&gt; &lt;xs:element name=&quot;policytype&quot; type=&quot;xs:string&quot;/&gt; &lt;xs:element name=&quot;price&quot; type=&quot;xs:string&quot;/&gt;&#xd;
&lt;/xs:sequence&gt; &lt;/xs:complexType&gt;&#xd;
&lt;/xs:element&gt;&#xd;
&lt;xs:element name=&quot;distribution_report&quot;&gt; &lt;xs:complexType&gt;&#xd;
&lt;xs:sequence&gt;&#xd;
&lt;xs:element name=&quot;status&quot; type=&quot;xs:int&quot;/&gt;&#xd;
&lt;xs:element name=&quot;message&quot; type=&quot;xs:string&quot;/&gt; &lt;/xs:sequence&gt;&#xd;
&lt;/xs:complexType&gt; &lt;/xs:element&gt;&#xd;
&lt;/xs:schema&gt;</string>
          </schemas>
          <encoding>windows-1252</encoding>
          <baseUri>file:/D:/Users/ansmohan/Desktop/Mule-Projects/challenge/src/main/resources/Policy.wsdl</baseUri>
        </schemas>
        <namespaceManager>
          <namespacePrefix class="tree-map">
            <entry>
              <string>http://local.topdanmark.dk/DocDistribution/</string>
              <string>ns0</string>
            </entry>
          </namespacePrefix>
        </namespaceManager>
      </org.mule.common.metadata.DefaultXmlMetaDataModel>
    </entry>
    <entry>
      <org.mule.common.metadata.DefaultMetaDataKey>
        <id>distribution_request</id>
        <displayName>distribution_request</displayName>
        <category>DEFAULT</category>
        <metaDataKeyPropertiesManager>
          <properties>
            <org.mule.common.metadata.key.property.dsql.DsqlFromMetaDataKeyProperty/>
          </properties>
        </metaDataKeyPropertiesManager>
      </org.mule.common.metadata.DefaultMetaDataKey>
      <org.mule.common.metadata.DefaultXmlMetaDataModel>
        <dataType>XML</dataType>
        <metaDataModelPropertiesManager>
          <properties>
            <org.mule.common.metadata.property.TextBasedExampleMetaDataModelProperty/>
            <org.mule.common.metadata.property.xml.SchemaTypeMetaDataProperty/>
            <org.mule.common.metadata.property.StructureIdentifierMetaDataModelProperty>
              <metaDataKey class="org.mule.common.metadata.DefaultMetaDataKey" reference="../../../../../org.mule.common.metadata.DefaultMetaDataKey"/>
              <derivedStructure>false</derivedStructure>
              <generatedStructure>false</generatedStructure>
            </org.mule.common.metadata.property.StructureIdentifierMetaDataModelProperty>
          </properties>
        </metaDataModelPropertiesManager>
        <fields>
          <org.mule.common.metadata.DefaultMetaDataField>
            <name>customerId</name>
            <model class="org.mule.common.metadata.DefaultSimpleMetaDataModel">
              <dataType>INTEGER</dataType>
              <metaDataModelPropertiesManager>
                <properties>
                  <org.mule.common.metadata.property.xml.SchemaTypeMetaDataProperty>
                    <typeQName reference="../../../../../../../../../entry/org.mule.common.metadata.DefaultXmlMetaDataModel/fields/org.mule.common.metadata.DefaultMetaDataField/model/metaDataModelPropertiesManager/properties/org.mule.common.metadata.property.xml.SchemaTypeMetaDataProperty/typeQName"/>
                  </org.mule.common.metadata.property.xml.SchemaTypeMetaDataProperty>
                </properties>
              </metaDataModelPropertiesManager>
            </model>
            <accessType>READ_WRITE</accessType>
            <metaDataFieldPropertyManager>
              <properties>
                <org.mule.common.metadata.property.QNameMetaDataProperty>
                  <name>
                    <namespaceURI></namespaceURI>
                    <localPart>customerId</localPart>
                    <prefix></prefix>
                  </name>
                </org.mule.common.metadata.property.QNameMetaDataProperty>
              </properties>
            </metaDataFieldPropertyManager>
          </org.mule.common.metadata.DefaultMetaDataField>
          <org.mule.common.metadata.DefaultMetaDataField>
            <name>name</name>
            <model class="org.mule.common.metadata.DefaultSimpleMetaDataModel">
              <dataType>STRING</dataType>
              <metaDataModelPropertiesManager>
                <properties>
                  <org.mule.common.metadata.property.xml.SchemaTypeMetaDataProperty>
                    <typeQName reference="../../../../../../../../../entry/org.mule.common.metadata.DefaultXmlMetaDataModel/fields/org.mule.common.metadata.DefaultMetaDataField[2]/model/metaDataModelPropertiesManager/properties/org.mule.common.metadata.property.xml.SchemaTypeMetaDataProperty/typeQName"/>
                  </org.mule.common.metadata.property.xml.SchemaTypeMetaDataProperty>
                </properties>
              </metaDataModelPropertiesManager>
            </model>
            <accessType>READ_WRITE</accessType>
            <metaDataFieldPropertyManager>
              <properties>
                <org.mule.common.metadata.property.QNameMetaDataProperty>
                  <name>
                    <namespaceURI></namespaceURI>
                    <localPart>name</localPart>
                    <prefix></prefix>
                  </name>
                </org.mule.common.metadata.property.QNameMetaDataProperty>
              </properties>
            </metaDataFieldPropertyManager>
          </org.mule.common.metadata.DefaultMetaDataField>
          <org.mule.common.metadata.DefaultMetaDataField>
            <name>street_1</name>
            <model class="org.mule.common.metadata.DefaultSimpleMetaDataModel">
              <dataType>STRING</dataType>
              <metaDataModelPropertiesManager>
                <properties>
                  <org.mule.common.metadata.property.xml.SchemaTypeMetaDataProperty>
                    <typeQName reference="../../../../../../../../../entry/org.mule.common.metadata.DefaultXmlMetaDataModel/fields/org.mule.common.metadata.DefaultMetaDataField[2]/model/metaDataModelPropertiesManager/properties/org.mule.common.metadata.property.xml.SchemaTypeMetaDataProperty/typeQName"/>
                  </org.mule.common.metadata.property.xml.SchemaTypeMetaDataProperty>
                </properties>
              </metaDataModelPropertiesManager>
            </model>
            <accessType>READ_WRITE</accessType>
            <metaDataFieldPropertyManager>
              <properties>
                <org.mule.common.metadata.property.QNameMetaDataProperty>
                  <name>
                    <namespaceURI></namespaceURI>
                    <localPart>street_1</localPart>
                    <prefix></prefix>
                  </name>
                </org.mule.common.metadata.property.QNameMetaDataProperty>
              </properties>
            </metaDataFieldPropertyManager>
          </org.mule.common.metadata.DefaultMetaDataField>
          <org.mule.common.metadata.DefaultMetaDataField>
            <name>street_2</name>
            <model class="org.mule.common.metadata.DefaultSimpleMetaDataModel">
              <dataType>STRING</dataType>
              <metaDataModelPropertiesManager>
                <properties>
                  <org.mule.common.metadata.property.xml.SchemaTypeMetaDataProperty>
                    <typeQName reference="../../../../../../../../../entry/org.mule.common.metadata.DefaultXmlMetaDataModel/fields/org.mule.common.metadata.DefaultMetaDataField[2]/model/metaDataModelPropertiesManager/properties/org.mule.common.metadata.property.xml.SchemaTypeMetaDataProperty/typeQName"/>
                  </org.mule.common.metadata.property.xml.SchemaTypeMetaDataProperty>
                </properties>
              </metaDataModelPropertiesManager>
            </model>
            <accessType>READ_WRITE</accessType>
            <metaDataFieldPropertyManager>
              <properties>
                <org.mule.common.metadata.property.QNameMetaDataProperty>
                  <name>
                    <namespaceURI></namespaceURI>
                    <localPart>street_2</localPart>
                    <prefix></prefix>
                  </name>
                </org.mule.common.metadata.property.QNameMetaDataProperty>
              </properties>
            </metaDataFieldPropertyManager>
          </org.mule.common.metadata.DefaultMetaDataField>
          <org.mule.common.metadata.DefaultMetaDataField>
            <name>zipcode</name>
            <model class="org.mule.common.metadata.DefaultSimpleMetaDataModel">
              <dataType>INTEGER</dataType>
              <metaDataModelPropertiesManager>
                <properties>
                  <org.mule.common.metadata.property.xml.SchemaTypeMetaDataProperty>
                    <typeQName reference="../../../../../../../../../entry/org.mule.common.metadata.DefaultXmlMetaDataModel/fields/org.mule.common.metadata.DefaultMetaDataField/model/metaDataModelPropertiesManager/properties/org.mule.common.metadata.property.xml.SchemaTypeMetaDataProperty/typeQName"/>
                  </org.mule.common.metadata.property.xml.SchemaTypeMetaDataProperty>
                </properties>
              </metaDataModelPropertiesManager>
            </model>
            <accessType>READ_WRITE</accessType>
            <metaDataFieldPropertyManager>
              <properties>
                <org.mule.common.metadata.property.QNameMetaDataProperty>
                  <name>
                    <namespaceURI></namespaceURI>
                    <localPart>zipcode</localPart>
                    <prefix></prefix>
                  </name>
                </org.mule.common.metadata.property.QNameMetaDataProperty>
              </properties>
            </metaDataFieldPropertyManager>
          </org.mule.common.metadata.DefaultMetaDataField>
          <org.mule.common.metadata.DefaultMetaDataField>
            <name>city</name>
            <model class="org.mule.common.metadata.DefaultSimpleMetaDataModel">
              <dataType>STRING</dataType>
              <metaDataModelPropertiesManager>
                <properties>
                  <org.mule.common.metadata.property.xml.SchemaTypeMetaDataProperty>
                    <typeQName reference="../../../../../../../../../entry/org.mule.common.metadata.DefaultXmlMetaDataModel/fields/org.mule.common.metadata.DefaultMetaDataField[2]/model/metaDataModelPropertiesManager/properties/org.mule.common.metadata.property.xml.SchemaTypeMetaDataProperty/typeQName"/>
                  </org.mule.common.metadata.property.xml.SchemaTypeMetaDataProperty>
                </properties>
              </metaDataModelPropertiesManager>
            </model>
            <accessType>READ_WRITE</accessType>
            <metaDataFieldPropertyManager>
              <properties>
                <org.mule.common.metadata.property.QNameMetaDataProperty>
                  <name>
                    <namespaceURI></namespaceURI>
                    <localPart>city</localPart>
                    <prefix></prefix>
                  </name>
                </org.mule.common.metadata.property.QNameMetaDataProperty>
              </properties>
            </metaDataFieldPropertyManager>
          </org.mule.common.metadata.DefaultMetaDataField>
          <org.mule.common.metadata.DefaultMetaDataField>
            <name>country</name>
            <model class="org.mule.common.metadata.DefaultSimpleMetaDataModel">
              <dataType>STRING</dataType>
              <metaDataModelPropertiesManager>
                <properties>
                  <org.mule.common.metadata.property.xml.SchemaTypeMetaDataProperty>
                    <typeQName reference="../../../../../../../../../entry/org.mule.common.metadata.DefaultXmlMetaDataModel/fields/org.mule.common.metadata.DefaultMetaDataField[2]/model/metaDataModelPropertiesManager/properties/org.mule.common.metadata.property.xml.SchemaTypeMetaDataProperty/typeQName"/>
                  </org.mule.common.metadata.property.xml.SchemaTypeMetaDataProperty>
                </properties>
              </metaDataModelPropertiesManager>
            </model>
            <accessType>READ_WRITE</accessType>
            <metaDataFieldPropertyManager>
              <properties>
                <org.mule.common.metadata.property.QNameMetaDataProperty>
                  <name>
                    <namespaceURI></namespaceURI>
                    <localPart>country</localPart>
                    <prefix></prefix>
                  </name>
                </org.mule.common.metadata.property.QNameMetaDataProperty>
              </properties>
            </metaDataFieldPropertyManager>
          </org.mule.common.metadata.DefaultMetaDataField>
          <org.mule.common.metadata.DefaultMetaDataField>
            <name>policynumber</name>
            <model class="org.mule.common.metadata.DefaultSimpleMetaDataModel">
              <dataType>INTEGER</dataType>
              <metaDataModelPropertiesManager>
                <properties>
                  <org.mule.common.metadata.property.xml.SchemaTypeMetaDataProperty>
                    <typeQName reference="../../../../../../../../../entry/org.mule.common.metadata.DefaultXmlMetaDataModel/fields/org.mule.common.metadata.DefaultMetaDataField/model/metaDataModelPropertiesManager/properties/org.mule.common.metadata.property.xml.SchemaTypeMetaDataProperty/typeQName"/>
                  </org.mule.common.metadata.property.xml.SchemaTypeMetaDataProperty>
                </properties>
              </metaDataModelPropertiesManager>
            </model>
            <accessType>READ_WRITE</accessType>
            <metaDataFieldPropertyManager>
              <properties>
                <org.mule.common.metadata.property.QNameMetaDataProperty>
                  <name>
                    <namespaceURI></namespaceURI>
                    <localPart>policynumber</localPart>
                    <prefix></prefix>
                  </name>
                </org.mule.common.metadata.property.QNameMetaDataProperty>
              </properties>
            </metaDataFieldPropertyManager>
          </org.mule.common.metadata.DefaultMetaDataField>
          <org.mule.common.metadata.DefaultMetaDataField>
            <name>policytype</name>
            <model class="org.mule.common.metadata.DefaultSimpleMetaDataModel">
              <dataType>STRING</dataType>
              <metaDataModelPropertiesManager>
                <properties>
                  <org.mule.common.metadata.property.xml.SchemaTypeMetaDataProperty>
                    <typeQName reference="../../../../../../../../../entry/org.mule.common.metadata.DefaultXmlMetaDataModel/fields/org.mule.common.metadata.DefaultMetaDataField[2]/model/metaDataModelPropertiesManager/properties/org.mule.common.metadata.property.xml.SchemaTypeMetaDataProperty/typeQName"/>
                  </org.mule.common.metadata.property.xml.SchemaTypeMetaDataProperty>
                </properties>
              </metaDataModelPropertiesManager>
            </model>
            <accessType>READ_WRITE</accessType>
            <metaDataFieldPropertyManager>
              <properties>
                <org.mule.common.metadata.property.QNameMetaDataProperty>
                  <name>
                    <namespaceURI></namespaceURI>
                    <localPart>policytype</localPart>
                    <prefix></prefix>
                  </name>
                </org.mule.common.metadata.property.QNameMetaDataProperty>
              </properties>
            </metaDataFieldPropertyManager>
          </org.mule.common.metadata.DefaultMetaDataField>
          <org.mule.common.metadata.DefaultMetaDataField>
            <name>price</name>
            <model class="org.mule.common.metadata.DefaultSimpleMetaDataModel">
              <dataType>STRING</dataType>
              <metaDataModelPropertiesManager>
                <properties>
                  <org.mule.common.metadata.property.xml.SchemaTypeMetaDataProperty>
                    <typeQName reference="../../../../../../../../../entry/org.mule.common.metadata.DefaultXmlMetaDataModel/fields/org.mule.common.metadata.DefaultMetaDataField[2]/model/metaDataModelPropertiesManager/properties/org.mule.common.metadata.property.xml.SchemaTypeMetaDataProperty/typeQName"/>
                  </org.mule.common.metadata.property.xml.SchemaTypeMetaDataProperty>
                </properties>
              </metaDataModelPropertiesManager>
            </model>
            <accessType>READ_WRITE</accessType>
            <metaDataFieldPropertyManager>
              <properties>
                <org.mule.common.metadata.property.QNameMetaDataProperty>
                  <name>
                    <namespaceURI></namespaceURI>
                    <localPart>price</localPart>
                    <prefix></prefix>
                  </name>
                </org.mule.common.metadata.property.QNameMetaDataProperty>
              </properties>
            </metaDataFieldPropertyManager>
          </org.mule.common.metadata.DefaultMetaDataField>
        </fields>
        <rootElement>
          <namespaceURI>http://local.topdanmark.dk/DocDistribution/</namespaceURI>
          <localPart>distribution_request</localPart>
          <prefix>ns0</prefix>
        </rootElement>
        <schemas class="org.mule.common.metadata.StringBasedSchemaProvider">
          <schemas>
            <string>&lt;?xml version=&quot;1.0&quot; encoding=&quot;UTF-8&quot;?&gt;&lt;xs:schema xmlns:xs=&quot;http://www.w3.org/2001/XMLSchema&quot; xmlns:soap=&quot;http://schemas.xmlsoap.org/wsdl/soap/&quot; xmlns:tns=&quot;http://local.topdanmark.dk/DocDistribution/&quot; xmlns:wsdl=&quot;http://schemas.xmlsoap.org/wsdl/&quot; targetNamespace=&quot;http://local.topdanmark.dk/DocDistribution/&quot;&gt; &lt;xs:element name=&quot;distribution_request&quot;&gt;&#xd;
&lt;xs:complexType&gt; &lt;xs:sequence&gt;&#xd;
&lt;xs:element name=&quot;customerId&quot; type=&quot;xs:int&quot;/&gt; &lt;xs:element name=&quot;name&quot; type=&quot;xs:string&quot;/&gt; &lt;xs:element name=&quot;street_1&quot; type=&quot;xs:string&quot;/&gt; &lt;xs:element name=&quot;street_2&quot; type=&quot;xs:string&quot;/&gt; &lt;xs:element name=&quot;zipcode&quot; type=&quot;xs:int&quot;/&gt; &lt;xs:element name=&quot;city&quot; type=&quot;xs:string&quot;/&gt; &lt;xs:element name=&quot;country&quot; type=&quot;xs:string&quot;/&gt; &lt;xs:element name=&quot;policynumber&quot; type=&quot;xs:int&quot;/&gt; &lt;xs:element name=&quot;policytype&quot; type=&quot;xs:string&quot;/&gt; &lt;xs:element name=&quot;price&quot; type=&quot;xs:string&quot;/&gt;&#xd;
&lt;/xs:sequence&gt; &lt;/xs:complexType&gt;&#xd;
&lt;/xs:element&gt;&#xd;
&lt;xs:element name=&quot;distribution_report&quot;&gt; &lt;xs:complexType&gt;&#xd;
&lt;xs:sequence&gt;&#xd;
&lt;xs:element name=&quot;status&quot; type=&quot;xs:int&quot;/&gt;&#xd;
&lt;xs:element name=&quot;message&quot; type=&quot;xs:string&quot;/&gt; &lt;/xs:sequence&gt;&#xd;
&lt;/xs:complexType&gt; &lt;/xs:element&gt;&#xd;
&lt;/xs:schema&gt;</string>
          </schemas>
          <encoding reference="../../../../entry/org.mule.common.metadata.DefaultXmlMetaDataModel/schemas/encoding"/>
          <baseUri>file:/D:/Users/ansmohan/Desktop/Mule-Projects/challenge/src/main/resources/Policy.wsdl</baseUri>
        </schemas>
        <namespaceManager>
          <namespacePrefix class="tree-map">
            <entry>
              <string>http://local.topdanmark.dk/DocDistribution/</string>
              <string>ns0</string>
            </entry>
          </namespacePrefix>
        </namespaceManager>
      </org.mule.common.metadata.DefaultXmlMetaDataModel>
    </entry>
  </types>
  <connectorName>Web_Service_Consumer</connectorName>
</metadata__catalog__entry>