<?xml version="1.0" encoding="UTF-8"?>
<mule xmlns:tracking="http://www.mulesoft.org/schema/mule/ee/tracking" xmlns:validation="http://www.mulesoft.org/schema/mule/validation" xmlns:dw="http://www.mulesoft.org/schema/mule/ee/dw" xmlns:doc="http://www.mulesoft.org/schema/mule/documentation" xmlns="http://www.mulesoft.org/schema/mule/core" xmlns:apikit="http://www.mulesoft.org/schema/mule/apikit" xmlns:http="http://www.mulesoft.org/schema/mule/http" xmlns:spring="http://www.springframework.org/schema/beans" xmlns:xsi="http://www.w3.org/2001/XMLSchema-instance" xsi:schemaLocation="http://www.mulesoft.org/schema/mule/core http://www.mulesoft.org/schema/mule/core/current/mule.xsd
http://www.mulesoft.org/schema/mule/http http://www.mulesoft.org/schema/mule/http/current/mule-http.xsd
http://www.mulesoft.org/schema/mule/apikit http://www.mulesoft.org/schema/mule/apikit/current/mule-apikit.xsd
http://www.springframework.org/schema/beans http://www.springframework.org/schema/beans/spring-beans-3.1.xsd
http://www.mulesoft.org/schema/mule/ee/dw http://www.mulesoft.org/schema/mule/ee/dw/current/dw.xsd
http://www.mulesoft.org/schema/mule/validation http://www.mulesoft.org/schema/mule/validation/current/mule-validation.xsd
http://www.mulesoft.org/schema/mule/ee/tracking http://www.mulesoft.org/schema/mule/ee/tracking/current/mule-tracking-ee.xsd">
    <http:listener-config name="exp-oa-registration-httpListenerConfig" host="${exp.oa.host}" port="${exp.oa.port}" doc:name="HTTP Listener Configuration"/>
    <apikit:config name="exp-oa-registration-config" raml="exp-oa-registration.raml" consoleEnabled="false" doc:name="Router"/>
    <http:request-config name="SecurityAPI_HTTP_Request_Configuration" host="${oa.security.host}" port="${oa.security.port}" doc:name="HTTP Request Configuration"/>
    <validation:config name="Validation_Configuration" doc:name="Validation Configuration"/>
    <flow name="exp-oa-registration-main">
        <http:listener config-ref="exp-oa-registration-httpListenerConfig" path="/api/1.0/*" doc:name="HTTP"/>
        <apikit:router config-ref="exp-oa-registration-config" doc:name="APIkit Router"/>
        <exception-strategy ref="exp-oa-registration-apiKitGlobalExceptionMapping" doc:name="Reference Exception Strategy"/>
    </flow>
    <flow name="exp-oa-registration-console">
        <http:listener config-ref="exp-oa-registration-httpListenerConfig" path="/console/*" doc:name="HTTP"/>
        <apikit:console config-ref="exp-oa-registration-config" doc:name="APIkit Console"/>
    </flow>
    <flow name="post:/registration/enablePIN:exp-oa-registration-config">
        <byte-array-to-string-transformer doc:name="Byte Array to String"/>
        <logger message="#[payload]" level="INFO" doc:name="Logger"/>
        <http:request config-ref="SecurityAPI_HTTP_Request_Configuration" path="/api/1.0/security/PINStatus" method="POST" doc:name="SecurityAPI_HTTP_Request">
            <http:request-builder>
                <http:header headerName="Content-Type" value="application/json"/>
            </http:request-builder>
        </http:request>
        <byte-array-to-object-transformer returnClass="java.lang.Object" doc:name="Byte Array to Object"/>
        <logger message="#[json:pinAvailable]" level="INFO" doc:name="Logger"/>
        <flow-ref name="registration/enablePIN:notification" doc:name="Flow Reference"/>
        <exception-strategy ref="error-handlingChoice_Exception_Strategy" doc:name="Reference Exception Strategy"/>


    </flow>
    <flow name="post:/registration/validatePIN:exp-oa-registration-config">
        <byte-array-to-string-transformer doc:name="Byte Array to String"/>
        <logger level="INFO" doc:name="Logger"/>
        <http:request config-ref="SecurityAPI_HTTP_Request_Configuration" path="/api/1.0/security/validatePIN" method="POST" doc:name="SecurityAPI_HTTP_Request"/>
        <byte-array-to-object-transformer doc:name="Byte Array to Object" mimeType="application/json" returnClass="java.lang.String"/>
        <set-variable variableName="PIN" value="#[json:pin]" doc:name="Variable"/>
        <logger message="#[flowVars.PIN==true]" level="INFO" doc:name="Logger"/>
        <exception-strategy ref="error-handlingChoice_Exception_Strategy" doc:name="Reference Exception Strategy"/>


    </flow>
</mule>
