<?xml version="1.0" encoding="UTF-8"?>

<mule xmlns="http://www.mulesoft.org/schema/mule/core" xmlns:doc="http://www.mulesoft.org/schema/mule/documentation" xmlns:spring="http://www.springframework.org/schema/beans" xmlns:tracking="http://www.mulesoft.org/schema/mule/ee/tracking" xmlns:core="http://www.mulesoft.org/schema/mule/core" xmlns:xsi="http://www.w3.org/2001/XMLSchema-instance" xsi:schemaLocation="http://www.springframework.org/schema/beans http://www.springframework.org/schema/beans/spring-beans-current.xsd
http://www.mulesoft.org/schema/mule/ee/tracking http://www.mulesoft.org/schema/mule/ee/tracking/current/mule-tracking-ee.xsd
http://www.mulesoft.org/schema/mule/core http://www.mulesoft.org/schema/mule/core/current/mule.xsd">
    <sub-flow name="registration/enablePIN:notification">
        <choice doc:name="Choice">
            <when expression="#[json:pinAvailable==true &amp;&amp; json:pinlocked==true]">
                <set-property propertyName="http.status" value="401" doc:name="Property"/>
                <set-payload value="{   &quot;errorInfo&quot;: {   &quot;returnCode&quot;: &quot;401&quot;,     &quot;returnReason&quot;: &quot;Unauthorised&quot;   } }" doc:name="Set Payload"/>
            </when>
            <when expression="#[json:pinAvailable==true &amp;&amp; json:pinExpired==true]">
                <set-property propertyName="http.status" value="" doc:name="Property"/>
                <set-payload value="{
  &quot;errorInfo&quot;: {
    &quot;returnCode&quot;: &quot;403&quot;,
    &quot;returnReason&quot;: &quot;Number of retries has passed the maximum limit&quot;
  }
}" doc:name="Set Payload"/>
            </when>
            <when expression="#[json:pinAvailable==true &amp;&amp; json:pinlocked==true]">
                <set-property propertyName="http.status" value="" doc:name="Property"/>
                <set-payload value="{
  &quot;errorInfo&quot;: {
    &quot;returnCode&quot;: &quot;403&quot;,
    &quot;returnReason&quot;: &quot;Number of retries has passed the maximum limit&quot;
  }
}" doc:name="Set Payload"/>
            </when>
            <when expression="#[json:pinAvailable==false]">
                <set-property propertyName="http.status" value="400" doc:name="Property"/>
                <set-payload value="{
  &quot;errorInfo&quot;: {
    &quot;returnCode&quot;: &quot;400&quot;,
    &quot;returnReason&quot;: &quot;Number of retries has passed the maximum limit&quot;
  }
}" doc:name="Set Payload"/>
            </when>
            <otherwise>
                <logger level="INFO" doc:name="Logger"/>
            </otherwise>
        </choice>
    </sub-flow>
</mule>
